Time[s], Lat[deg], Lon[deg], he[m], vx[ms], vy[ms], vz[ms]
1500611796.9, 52.5458767, 13.3547967, 34.1, 0.068, -0.110, 0.000, 9.90, 13.41, 20.47,  7
1500611797.9, 52.5458767, 13.3547950, 34.2, 0.000, -0.000, 0.100, 9.90, 13.41, 44.62,  7
1500611798.9, 52.5458783, 13.3547950, 34.2, -0.000, -0.000, 0.000, 9.90, 13.41, 20.47,  7
1500611799.9, 52.5458767, 13.3547933, 34.2, -0.000, -0.000, 0.000, 9.90, 13.41, 20.47,  7
1500611800.9, 52.5458767, 13.3547917, 34.2, -0.000, -0.000, 0.000, 9.90, 13.41, 20.47,  7
1500611801.9, 52.5458767, 13.3547917, 34.2, -0.000, -0.000, 0.000, 9.90, 13.41, 20.47,  7
1500611802.9, 52.5458767, 13.3547917, 34.2, -0.000, 0.000, 0.000, 9.90, 13.41, 20.47,  7
1500611803.9, 52.5458750, 13.3547917, 34.2, -0.000, 0.000, 0.000, 9.90, 13.41, 20.47,  7
1500611804.9, 52.5458750, 13.3547933, 34.2, 0.000, 0.000, 0.000, 9.90, 13.41, 20.47,  7
1500611805.9, 52.5458750, 13.3547950, 34.2, -0.000, 0.000, 0.000, 9.90, 13.41, 20.47,  7
1500611806.9, 52.5458750, 13.3547950, 34.2, 0.000, 0.000, 0.000, 9.90, 13.41, 20.47,  7
1500611807.9, 52.5458750, 13.3547967, 34.2, -0.000, 0.000, 0.000, 9.90, 13.41, 20.47,  7
1500611808.9, 52.5458750, 13.3547983, 34.2, 0.000, 0.000, 0.000, 9.90, 13.41, 20.47,  7
1500611809.9, 52.5458750, 13.3548000, 34.2, 0.000, 0.000, 0.000, 9.90, 13.41, 20.47,  7
1500611810.9, 52.5458750, 13.3548017, 34.2, -0.000, 0.000, 0.000, 9.90, 13.41, 20.47,  7
1500611811.9, 52.5458750, 13.3548033, 34.2, -0.000, 0.000, 0.000, 9.90, 13.41, 20.47,  7
1500611812.9, 52.5458750, 13.3548033, 34.2, -0.000, -0.000, 0.000, 9.90, 13.41, 20.47,  7
1500611813.9, 52.5458750, 13.3548033, 34.2, -0.000, 0.000, 0.000, 9.90, 13.41, 20.47,  7
1500611814.9, 52.5458717, 13.3548017, 34.0, -0.000, 0.000, -0.200, 2.48, 3.35, 5.12,  7
1500611816.0, 52.5458683, 13.3548000, 33.9, 0.000, 0.000, -0.100, 2.48, 3.35, 5.12,  7
1500611817.0, 52.5458667, 13.3547983, 33.7, -0.000, 0.000, -0.200, 2.48, 3.35, 5.12,  7
1500611818.0, 52.5458650, 13.3547967, 33.6, -0.000, 0.000, -0.100, 2.48, 3.35, 5.12,  7
1500611819.0, 52.5458600, 13.3547950, 33.4, -0.000, 0.000, -0.200, 2.48, 3.35, 5.12,  7
1500611820.0, 52.5458567, 13.3547917, 33.2, -0.000, -0.000, -0.200, 2.48, 3.35, 5.12,  7
1500611821.0, 52.5458567, 13.3547900, 33.1, -0.000, -0.000, -0.100, 2.48, 3.35, 5.12,  7
1500611822.0, 52.5458550, 13.3547900, 32.9, -0.000, 0.000, -0.200, 2.48, 3.35, 5.12,  7
1500611823.0, 52.5458550, 13.3547883, 32.8, 0.000, 0.000, -0.100, 2.48, 3.35, 5.12,  7
1500611824.0, 52.5458550, 13.3547867, 32.6, 0.000, -0.000, -0.200, 2.48, 3.35, 5.12,  7
1500611825.0, 52.5458567, 13.3547833, 32.5, 0.000, -0.000, -0.100, 2.48, 3.35, 11.21,  7
1500611826.0, 52.5458567, 13.3547783, 32.3, 0.000, -0.000, -0.200, 2.48, 3.35, 5.12,  7
1500611827.0, 52.5458567, 13.3547767, 32.2, 0.000, -0.000, -0.100, 2.48, 3.35, 5.12,  7
1500611828.0, 52.5458567, 13.3547767, 32.1, 0.000, 0.000, -0.100, 2.48, 3.35, 5.12,  7
1500611829.0, 52.5458550, 13.3547733, 31.9, 0.000, 0.000, -0.200, 2.48, 3.35, 5.12,  7
1500611830.0, 52.5458533, 13.3547700, 31.8, 0.000, -0.000, -0.100, 2.48, 3.35, 5.12,  7
1500611831.0, 52.5458517, 13.3547683, 31.7, -0.000, 0.000, -0.100, 2.48, 3.35, 5.12,  8
1500611832.0, 52.5458517, 13.3547683, 31.6, -0.000, 0.000, -0.100, 2.48, 3.35, 10.70,  8
1500611833.0, 52.5458517, 13.3547650, 31.5, 0.000, -0.000, -0.100, 2.48, 3.35, 5.06,  8
1500611834.0, 52.5458517, 13.3547633, 31.4, -0.000, -0.000, -0.100, 2.48, 3.35, 5.06,  8
1500611835.0, 52.5458517, 13.3547617, 31.2, 0.000, -0.000, -0.200, 2.48, 3.35, 5.06,  8
1500611836.1, 52.5458517, 13.3547600, 31.1, 0.000, -0.000, -0.100, 2.48, 3.35, 5.06,  8
1500611837.1, 52.5458517, 13.3547583, 31.0, -0.000, -0.000, -0.100, 2.48, 3.35, 5.06,  8
1500611838.1, 52.5458517, 13.3547567, 31.0, 0.000, -0.000, 0.000, 2.48, 3.35, 5.06,  8
1500611839.1, 52.5458533, 13.3547550, 30.9, 0.000, -0.000, -0.100, 2.48, 3.35, 5.06,  8
1500611840.1, 52.5458533, 13.3547550, 30.8, 0.000, 0.000, -0.100, 2.48, 3.35, 5.06,  8
1500611841.1, 52.5458533, 13.3547550, 30.7, 0.000, 0.000, -0.100, 2.48, 3.35, 5.06,  8
1500611842.1, 52.5458550, 13.3547550, 30.6, 0.000, -0.000, -0.100, 2.48, 3.35, 5.06,  8
1500611843.1, 52.5458550, 13.3547550, 30.6, 0.000, 0.000, 0.000, 2.48, 3.35, 5.06,  8
1500611844.1, 52.5458567, 13.3547550, 30.5, 0.000, -0.000, -0.100, 2.48, 3.35, 5.06,  8
1500611845.1, 52.5458567, 13.3547533, 30.5, 0.000, -0.000, 0.000, 2.48, 3.35, 5.06,  8
1500611846.1, 52.5458583, 13.3547550, 30.4, 0.000, -0.000, -0.100, 2.48, 3.35, 5.06,  8
1500611847.1, 52.5458600, 13.3547567, 30.3, 0.000, 0.000, -0.100, 2.48, 3.35, 5.06,  8
1500611848.1, 52.5458617, 13.3547567, 30.3, 0.000, 0.000, 0.000, 2.48, 3.35, 5.06,  8
1500611849.1, 52.5458633, 13.3547567, 30.2, 0.000, 0.000, -0.100, 2.48, 3.35, 5.06,  8
1500611850.1, 52.5458633, 13.3547567, 30.2, 0.000, 0.000, 0.000, 2.48, 3.35, 5.06,  8
1500611851.1, 52.5458650, 13.3547567, 30.2, 0.000, 0.000, 0.000, 2.48, 3.35, 5.06,  8
1500611852.1, 52.5458650, 13.3547567, 30.2, -0.000, -0.000, 0.000, 2.48, 3.35, 5.06,  8
1500611853.1, 52.5458667, 13.3547567, 30.2, 0.000, 0.000, 0.000, 2.48, 3.35, 5.06,  8
1500611854.1, 52.5458667, 13.3547567, 30.2, 0.000, 0.000, 0.000, 2.48, 3.35, 5.06,  8
1500611855.1, 52.5458683, 13.3547567, 30.3, -0.000, -0.000, 0.100, 2.48, 3.35, 5.06,  8
1500611856.1, 52.5458683, 13.3547567, 30.3, 0.000, -0.000, 0.000, 2.48, 3.35, 5.06,  8
1500611857.2, 52.5458683, 13.3547567, 30.3, 0.000, -0.000, 0.000, 2.48, 3.35, 5.06,  8
1500611858.2, 52.5458683, 13.3547567, 30.3, 0.000, 0.000, 0.000, 2.48, 3.35, 5.06,  8
1500611859.2, 52.5458683, 13.3547583, 30.4, 0.000, 0.000, 0.100, 2.48, 3.35, 5.06,  8
1500611860.2, 52.5458700, 13.3547583, 30.4, -0.000, 0.000, 0.000, 2.48, 3.35, 5.06,  8
1500611861.2, 52.5458700, 13.3547583, 30.4, -0.000, -0.000, 0.000, 2.48, 3.35, 5.06,  7
1500611862.2, 52.5458700, 13.3547600, 30.5, 0.000, 0.000, 0.100, 2.48, 3.35, 5.29,  7
1500611863.2, 52.5458683, 13.3547600, 30.6, -0.000, -0.000, 0.100, 2.48, 3.35, 5.29,  7
1500611864.2, 52.5458683, 13.3547600, 30.7, -0.000, 0.000, 0.100, 2.48, 3.35, 5.29,  7
1500611865.2, 52.5458683, 13.3547600, 30.8, -0.000, -0.000, 0.100, 2.48, 3.35, 5.29,  7
1500611866.2, 52.5458650, 13.3547617, 31.0, -0.000, -0.000, 0.200, 2.48, 3.35, 5.29,  7
1500611867.2, 52.5458633, 13.3547617, 31.3, -0.000, -0.000, 0.300, 2.48, 3.35, 5.29,  7
1500611868.2, 52.5458600, 13.3547633, 31.6, -0.000, -0.000, 0.300, 2.48, 3.35, 5.29,  7
1500611869.2, 52.5458600, 13.3547633, 31.7, -0.000, 0.000, 0.100, 2.48, 3.35, 5.29,  7
1500611870.2, 52.5458600, 13.3547633, 31.7, -0.000, 0.000, 0.000, 2.48, 3.35, 5.29,  7
1500611871.2, 52.5458600, 13.3547633, 31.7, -0.000, -0.000, 0.000, 2.48, 3.35, 5.29,  7
1500611872.2, 52.5458600, 13.3547633, 31.7, -0.000, 0.000, 0.000, 2.48, 3.35, 5.29,  7
1500611873.2, 52.5458600, 13.3547633, 31.7, -0.000, 0.000, 0.000, 2.48, 3.35, 5.29,  7
1500611874.2, 52.5458600, 13.3547633, 31.7, -0.000, 0.000, 0.000, 2.48, 3.35, 5.29,  7
1500611875.2, 52.5458600, 13.3547633, 31.7, -0.000, 0.000, 0.000, 2.48, 3.35, 5.29,  7
1500611876.2, 52.5458600, 13.3547650, 31.8, -0.000, 0.000, 0.100, 2.48, 3.35, 5.29,  7
1500611877.3, 52.5458583, 13.3547667, 32.0, -0.000, 0.000, 0.200, 2.48, 3.35, 5.29,  7
1500611878.3, 52.5458567, 13.3547683, 32.1, -0.000, 0.000, 0.100, 2.48, 3.35, 5.29,  7
1500611879.3, 52.5458567, 13.3547717, 32.2, 0.000, 0.000, 0.100, 2.48, 3.35, 5.29,  7
1500611880.3, 52.5458567, 13.3547767, 32.3, -0.000, 0.000, 0.100, 2.48, 3.35, 5.29,  8
1500611881.3, 52.5458550, 13.3547767, 32.5, -0.000, -0.000, 0.200, 2.48, 3.35, 5.06,  7
1500611882.3, 52.5458550, 13.3547767, 32.5, -0.000, 0.000, 0.000, 2.48, 3.35, 5.29,  8
1500611883.3, 52.5458533, 13.3547767, 32.6, -0.000, -0.000, 0.100, 2.48, 3.35, 5.06,  8
1500611884.3, 52.5458533, 13.3547800, 32.6, -0.000, -0.000, 0.000, 2.48, 3.35, 5.06,  8
1500611885.3, 52.5458533, 13.3547833, 32.6, 0.000, -0.000, 0.000, 2.48, 3.35, 5.06,  8
1500611886.3, 52.5458517, 13.3547850, 32.7, -0.000, 0.000, 0.100, 2.48, 3.35, 5.06,  8
1500611887.3, 52.5458500, 13.3547900, 32.7, -0.000, 0.000, 0.000, 2.48, 3.35, 5.06,  8
1500611888.3, 52.5458483, 13.3547900, 32.8, -0.000, -0.000, 0.100, 2.48, 3.35, 5.06,  8
1500611889.3, 52.5458483, 13.3547933, 32.9, -0.000, 0.000, 0.100, 2.48, 3.35, 5.06,  8
1500611890.3, 52.5458467, 13.3547933, 33.0, 0.000, -0.000, 0.100, 2.48, 3.35, 5.06,  8
1500611891.3, 52.5458483, 13.3547983, 33.1, 0.000, 0.000, 0.100, 2.48, 3.35, 5.06,  8
1500611892.3, 52.5458483, 13.3548000, 33.2, 0.000, 0.000, 0.100, 2.48, 3.35, 5.06,  8
1500611893.3, 52.5458467, 13.3548050, 33.3, 0.000, 0.000, 0.100, 2.48, 3.35, 5.06,  8
1500611894.3, 52.5458450, 13.3548083, 33.3, -0.000, 0.000, 0.000, 2.48, 3.35, 5.06,  8
1500611895.3, 52.5458450, 13.3548117, 33.4, 0.000, 0.000, 0.100, 2.48, 3.35, 5.06,  8
1500611896.3, 52.5458433, 13.3548167, 33.5, -0.000, 0.000, 0.100, 2.48, 3.35, 5.06,  8
1500611897.4, 52.5458400, 13.3548183, 33.6, -0.000, 0.000, 0.100, 2.48, 3.35, 5.06,  8
1500611898.4, 52.5458383, 13.3548217, 33.8, -0.000, 0.000, 0.200, 2.48, 3.35, 5.06,  8
1500611899.4, 52.5458367, 13.3548217, 33.9, -0.000, -0.000, 0.100, 2.48, 3.35, 5.06,  8
1500611900.4, 52.5458350, 13.3548233, 34.1, -0.000, 0.000, 0.200, 2.48, 3.35, 5.06,  8
1500611901.4, 52.5458333, 13.3548217, 34.2, -0.000, -0.000, 0.100, 2.48, 3.35, 5.06,  8
1500611902.4, 52.5458333, 13.3548217, 34.4, 0.000, -0.000, 0.200, 2.48, 3.35, 5.06,  8
1500611903.4, 52.5458333, 13.3548200, 34.6, -0.000, -0.000, 0.200, 2.48, 3.35, 5.06,  8
1500611904.4, 52.5458333, 13.3548183, 34.8, -0.000, -0.000, 0.200, 2.48, 3.35, 5.06,  8
1500611905.4, 52.5458350, 13.3548167, 34.9, 0.000, 0.000, 0.100, 2.48, 3.35, 5.06,  8
1500611906.4, 52.5458350, 13.3548167, 35.2, 0.000, 0.000, 0.300, 2.48, 3.35, 5.06,  8
1500611907.4, 52.5458367, 13.3548150, 35.4, -0.000, 0.000, 0.200, 2.48, 3.35, 5.06,  8
1500611908.4, 52.5458367, 13.3548117, 35.6, -0.000, -0.000, 0.200, 2.48, 3.35, 5.06,  8
1500611909.4, 52.5458383, 13.3548100, 35.9, 0.000, -0.000, 0.300, 2.48, 3.35, 5.06,  8
1500611910.4, 52.5458383, 13.3548083, 36.1, -0.000, -0.000, 0.200, 2.48, 3.35, 5.06,  8
1500611911.4, 52.5458400, 13.3548050, 36.4, 0.000, -0.000, 0.300, 2.48, 3.35, 5.06,  8
1500611912.4, 52.5458400, 13.3548017, 36.7, -0.000, -0.000, 0.300, 2.48, 3.35, 5.06,  8
1500611913.4, 52.5458417, 13.3548000, 37.0, 0.000, 0.000, 0.300, 2.48, 3.35, 5.06,  8
1500611914.4, 52.5458433, 13.3547967, 37.2, 0.000, -0.000, 0.200, 2.48, 3.35, 5.06,  8
1500611915.4, 52.5458450, 13.3547967, 37.4, 0.000, 0.000, 0.200, 2.48, 3.35, 5.06,  8
1500611916.5, 52.5458467, 13.3547950, 37.5, 0.000, 0.000, 0.100, 2.48, 3.35, 5.06,  8
1500611917.5, 52.5458467, 13.3547933, 37.6, -0.000, -0.000, 0.100, 2.48, 3.35, 5.06,  8
1500611918.5, 52.5458467, 13.3547900, 37.7, 0.000, -0.000, 0.100, 2.48, 3.35, 5.06,  8
1500611919.5, 52.5458467, 13.3547867, 37.7, 0.000, -0.000, 0.000, 2.48, 3.35, 5.06,  8
1500611920.5, 52.5458450, 13.3547850, 37.7, -0.000, -0.000, 0.000, 2.48, 3.35, 5.06,  8
1500611921.5, 52.5458450, 13.3547833, 37.6, 0.000, 0.000, -0.100, 2.48, 3.35, 5.06,  8
1500611922.5, 52.5458450, 13.3547833, 37.6, -0.000, 0.000, 0.000, 2.48, 3.35, 5.06,  8
1500611923.5, 52.5458433, 13.3547817, 37.5, -0.000, 0.000, -0.100, 2.48, 3.35, 5.06,  8
1500611924.5, 52.5458450, 13.3547800, 37.6, -0.000, 0.000, 0.100, 2.48, 3.35, 5.06,  8
1500611925.5, 52.5458450, 13.3547783, 37.6, 0.000, 0.000, 0.000, 2.48, 3.35, 5.06,  8
1500611926.5, 52.5458450, 13.3547767, 37.6, 0.000, 0.000, 0.000, 2.48, 3.35, 5.06,  8
1500611927.5, 52.5458467, 13.3547767, 37.7, 0.000, 0.000, 0.100, 2.48, 3.35, 5.06,  8
1500611928.5, 52.5458483, 13.3547750, 37.7, -0.000, 0.000, 0.000, 2.48, 3.35, 5.06,  8
1500611929.5, 52.5458483, 13.3547750, 37.8, 0.000, -0.000, 0.100, 2.48, 3.35, 5.06,  8
1500611930.5, 52.5458500, 13.3547733, 37.8, 0.000, -0.000, 0.000, 2.48, 3.35, 5.06,  8
1500611931.5, 52.5458517, 13.3547717, 37.9, 0.000, -0.000, 0.100, 2.48, 3.35, 5.06,  8
1500611932.5, 52.5458517, 13.3547717, 37.9, 0.000, -0.000, 0.000, 2.48, 3.35, 5.06,  8
1500611933.5, 52.5458517, 13.3547750, 37.7, 0.000, 0.000, -0.100, 2.48, 3.35, 5.06,  9
1500611934.5, 52.5458517, 13.3547750, 37.6, 0.000, 0.000, -0.100, 2.48, 3.35, 5.06,  9
1500611935.5, 52.5458517, 13.3547767, 37.6, 0.000, 0.000, 0.000, 2.48, 3.35, 5.06,  9
1500611936.6, 52.5458517, 13.3547783, 37.5, 0.000, 0.000, -0.100, 2.48, 3.35, 5.06,  9
1500611937.6, 52.5458533, 13.3547783, 37.4, 0.000, 0.000, -0.100, 2.48, 3.35, 5.06,  9
1500611938.6, 52.5458533, 13.3547800, 37.4, 0.000, 0.000, 0.000, 2.48, 3.35, 5.06,  9
1500611939.6, 52.5458533, 13.3547800, 37.3, 0.000, 0.000, -0.100, 2.48, 3.35, 5.06,  9
1500611940.6, 52.5458533, 13.3547817, 37.3, 0.000, 0.000, 0.000, 2.48, 3.35, 5.06,  9
1500611941.6, 52.5458533, 13.3547817, 37.2, 0.000, 0.000, -0.100, 2.48, 3.35, 5.06,  9
1500611942.6, 52.5458550, 13.3547833, 37.1, 0.000, 0.000, -0.100, 2.48, 3.35, 5.06,  9
1500611943.6, 52.5458550, 13.3547833, 37.1, 0.000, 0.000, 0.000, 2.48, 3.35, 5.06,  9
1500611944.6, 52.5458550, 13.3547850, 36.9, 0.000, 0.000, -0.200, 2.48, 3.35, 5.06,  9
1500611945.6, 52.5458533, 13.3547867, 36.9, 0.000, 0.000, 0.000, 2.48, 3.35, 5.06,  9
1500611946.6, 52.5458533, 13.3547883, 36.8, 0.000, 0.000, -0.100, 2.48, 3.35, 5.06,  9
1500611947.6, 52.5458533, 13.3547883, 36.7, 0.000, 0.000, -0.100, 2.48, 3.35, 5.06,  9
1500611948.6, 52.5458533, 13.3547900, 36.7, 0.000, 0.000, 0.000, 2.48, 3.35, 5.06,  9
1500611949.6, 52.5458533, 13.3547900, 36.6, 0.000, 0.000, -0.100, 2.48, 3.35, 5.06,  9
1500611950.6, 52.5458517, 13.3547900, 36.5, 0.000, 0.000, -0.100, 2.48, 3.35, 5.06,  9
1500611951.6, 52.5458517, 13.3547917, 36.5, 0.000, 0.000, 0.000, 2.48, 3.35, 5.06,  9
1500611952.6, 52.5458500, 13.3547917, 36.4, 0.000, 0.000, -0.100, 2.48, 3.35, 5.06,  9
1500611953.6, 52.5458500, 13.3547917, 36.4, -0.000, 0.000, -0.100, 2.48, 3.35, 5.06,  9
1500611954.6, 52.5458500, 13.3547933, 36.3, -0.000, 0.000, -0.100, 2.48, 3.35, 5.06,  9
1500611955.6, 52.5458500, 13.3547933, 36.2, 0.000, 0.000, -0.100, 2.48, 3.35, 5.06,  9
1500611956.7, 52.5458500, 13.3547950, 36.1, -0.000, 0.000, -0.100, 2.48, 3.35, 5.06,  9
1500611957.7, 52.5458500, 13.3547967, 36.1, -0.000, 0.000, 0.000, 2.48, 3.35, 5.06,  9
1500611958.7, 52.5458483, 13.3547967, 36.0, 0.000, 0.000, -0.100, 2.48, 3.35, 5.06,  9
1500611959.7, 52.5458483, 13.3547967, 36.0, 0.000, 0.000, 0.000, 2.48, 3.35, 5.06,  9
1500611960.7, 52.5458483, 13.3547983, 36.0, 0.000, 0.000, 0.000, 2.48, 3.35, 5.06,  9
1500611961.7, 52.5458483, 13.3547983, 36.0, 0.000, 0.000, 0.000, 2.48, 3.35, 5.06,  9
1500611962.7, 52.5458483, 13.3547983, 35.9, 0.000, -0.000, -0.100, 2.48, 3.35, 5.06,  9
1500611963.7, 52.5458483, 13.3548000, 35.9, 0.000, -0.000, 0.000, 2.48, 3.35, 5.06,  9
1500611964.7, 52.5458467, 13.3547983, 35.8, -0.000, -0.000, -0.100, 2.48, 3.35, 5.06,  9
1500611965.7, 52.5458467, 13.3548000, 35.8, -0.000, -0.000, 0.000, 2.48, 3.35, 5.06,  9
1500611966.7, 52.5458467, 13.3548000, 35.7, -0.000, 0.000, -0.100, 2.48, 3.35, 5.06,  9
1500611967.7, 52.5458467, 13.3548000, 35.6, -0.000, 0.000, -0.100, 2.48, 3.35, 5.06,  9
1500611968.7, 52.5458450, 13.3548017, 35.6, -0.000, 0.000, 0.000, 2.48, 3.35, 5.06,  9
1500611969.7, 52.5458450, 13.3548017, 35.6, 0.000, 0.000, 0.000, 2.48, 3.35, 5.06,  9
1500611970.7, 52.5458450, 13.3548033, 35.5, 0.000, 0.000, -0.100, 2.48, 3.35, 5.06,  9
1500611971.7, 52.5458433, 13.3548033, 35.5, -0.000, 0.000, 0.000, 2.48, 3.35, 5.06,  9
1500611972.7, 52.5458433, 13.3548033, 35.5, 0.000, 0.000, 0.000, 2.48, 3.35, 5.06,  9
1500611973.7, 52.5458433, 13.3548033, 35.5, -0.000, 0.000, 0.000, 2.48, 3.35, 5.06,  9
1500611974.7, 52.5458417, 13.3548050, 35.5, -0.000, 0.000, 0.000, 2.48, 3.35, 5.06,  9
1500611975.7, 52.5458417, 13.3548050, 35.5, 0.000, 0.000, 0.000, 2.48, 3.35, 5.06,  9
1500611976.8, 52.5458417, 13.3548067, 35.5, 0.000, 0.000, 0.000, 2.48, 3.35, 5.06,  9
1500611977.8, 52.5458417, 13.3548083, 35.5, 0.000, 0.000, 0.000, 2.48, 3.35, 5.06,  9
1500611978.8, 52.5458417, 13.3548083, 35.5, 0.000, 0.000, 0.000, 2.48, 3.35, 5.06,  9
1500611979.8, 52.5458400, 13.3548100, 35.5, -0.000, 0.000, 0.000, 2.48, 3.35, 5.06,  9
1500611980.8, 52.5458400, 13.3548117, 35.5, -0.000, -0.000, 0.000, 2.48, 3.35, 5.06,  9
1500611981.8, 52.5458383, 13.3548133, 35.4, -0.000, 0.000, -0.100, 2.48, 3.35, 5.06,  9
1500611982.8, 52.5458383, 13.3548150, 35.4, 0.000, 0.000, 0.000, 2.48, 3.35, 5.06,  9
1500611983.8, 52.5458383, 13.3548167, 35.3, 0.000, 0.000, -0.100, 2.48, 3.35, 5.06,  9
1500611984.8, 52.5458367, 13.3548183, 35.3, 0.000, 0.000, 0.000, 2.48, 3.35, 5.06,  9
1500611985.8, 52.5458367, 13.3548200, 35.3, 0.000, 0.000, 0.000, 2.48, 3.35, 5.06,  9
1500611986.8, 52.5458367, 13.3548217, 35.3, 0.000, 0.000, 0.000, 2.48, 3.35, 5.06,  9
1500611987.8, 52.5458367, 13.3548250, 35.3, 0.000, 0.000, 0.000, 2.48, 3.35, 5.06,  9
1500611988.8, 52.5458367, 13.3548250, 35.3, 0.000, 0.000, 0.000, 2.48, 3.35, 5.06,  9
1500611989.8, 52.5458367, 13.3548267, 35.3, -0.000, -0.000, 0.000, 2.48, 3.35, 5.06,  9
1500611990.8, 52.5458367, 13.3548267, 35.3, 0.000, 0.000, 0.000, 2.48, 3.35, 5.06,  9
1500611991.8, 52.5458367, 13.3548283, 35.4, 0.000, 0.000, 0.100, 2.48, 3.35, 5.06,  9
1500611992.8, 52.5458350, 13.3548283, 35.4, 0.000, 0.000, 0.000, 2.48, 3.35, 5.06,  9
1500611993.8, 52.5458350, 13.3548300, 35.4, 0.000, 0.000, 0.000, 2.48, 3.35, 5.06,  9
1500611994.8, 52.5458350, 13.3548300, 35.4, 0.000, 0.000, 0.000, 2.48, 3.35, 5.06,  9
1500611995.9, 52.5458350, 13.3548300, 35.4, 0.000, 0.000, 0.000, 2.48, 3.35, 5.06,  9
1500611996.9, 52.5458350, 13.3548300, 35.4, 0.000, 0.000, 0.000, 2.48, 3.35, 5.06,  9
1500611997.9, 52.5458350, 13.3548300, 35.4, -0.000, -0.000, 0.000, 2.48, 3.35, 5.06,  9
1500611998.9, 52.5458333, 13.3548267, 35.5, -0.000, -0.000, 0.100, 2.48, 3.35, 5.06,  9
1500611999.9, 52.5458333, 13.3548183, 35.8, 0.000, 0.000, 0.100, 2.48, 3.35, 5.06,  9
1500612000.9, 52.5458333, 13.3548150, 35.8, 0.000, 0.000, 0.000, 2.48, 3.35, 5.06,  9
1500612001.9, 52.5458333, 13.3548150, 35.8, 0.000, 0.000, 0.000, 2.48, 3.35, 5.06,  9
1500612002.9, 52.5458350, 13.3548100, 35.9, 0.000, 0.000, 0.000, 2.48, 3.35, 5.06,  9
1500612003.9, 52.5458350, 13.3548067, 36.0, 0.000, 0.000, 0.100, 2.48, 3.35, 5.06,  9
1500612004.9, 52.5458367, 13.3548050, 36.0, 0.000, 0.000, 0.000, 2.48, 3.35, 5.06,  9
1500612005.9, 52.5458367, 13.3548017, 36.0, 0.000, 0.000, 0.000, 2.48, 3.35, 5.06,  9
1500612006.9, 52.5458383, 13.3547983, 36.1, 0.000, 0.000, 0.100, 2.48, 3.35, 5.06,  9
1500612007.9, 52.5458383, 13.3547950, 36.2, 0.000, 0.000, 0.100, 2.48, 3.35, 5.06,  9
1500612008.9, 52.5458383, 13.3547917, 36.2, 0.000, 0.000, 0.000, 2.48, 3.35, 5.06,  9
1500612009.9, 52.5458383, 13.3547900, 36.2, 0.000, 0.000, 0.000, 2.48, 3.35, 5.06,  9
1500612010.9, 52.5458400, 13.3547883, 36.1, 0.000, 0.000, -0.100, 2.48, 3.35, 5.06,  9
1500612011.9, 52.5458400, 13.3547867, 36.1, 0.000, 0.000, 0.000, 2.48, 3.35, 5.06,  9
1500612012.9, 52.5458400, 13.3547850, 36.0, 0.000, 0.000, -0.100, 2.48, 3.35, 5.06,  9
1500612013.9, 52.5458383, 13.3547833, 36.0, 0.000, 0.000, 0.000, 2.48, 3.35, 10.81,  9
1500612015.0, 52.5458400, 13.3547833, 35.9, 0.000, 0.000, -0.100, 2.48, 3.35, 10.81,  9
1500612016.0, 52.5458383, 13.3547833, 35.8, 0.000, 0.000, -0.100, 2.48, 3.35, 10.81,  9
1500612017.0, 52.5458383, 13.3547800, 35.8, 0.000, 0.000, 0.000, 2.48, 3.35, 10.81,  9
1500612018.0, 52.5458367, 13.3547783, 35.7, -0.000, 0.000, -0.100, 2.48, 3.35, 10.81,  9
1500612019.0, 52.5458367, 13.3547767, 35.6, 0.000, 0.000, -0.100, 2.48, 3.35, 10.81,  9
1500612020.0, 52.5458350, 13.3547750, 35.5, 0.000, 0.000, -0.100, 2.48, 3.35, 10.81,  9
1500612021.0, 52.5458350, 13.3547733, 35.4, 0.000, 0.000, -0.100, 2.48, 3.35, 10.81,  4
1500612022.0, 52.5458333, 13.3547717, 35.3, 0.000, 0.000, -0.100, 2.48, 3.35, 10.81,  9
1500612023.0, 52.5458333, 13.3547700, 35.2, 0.000, 0.000, -0.100, 2.48, 3.35, 10.81,  9
1500612024.0, 52.5458317, 13.3547683, 35.1, -0.000, -0.000, -0.100, 2.48, 3.35, 10.81,  9
1500612025.0, 52.5458317, 13.3547667, 35.0, 0.000, 0.000, -0.100, 2.48, 3.35, 10.81,  9
1500612026.0, 52.5458300, 13.3547667, 34.9, 0.000, 0.000, -0.100, 2.48, 3.35, 10.81,  4
1500612027.0, 52.5458283, 13.3547667, 34.8, -0.000, 0.000, -0.100, 2.48, 3.35, 10.81,  9
1500612028.0, 52.5458300, 13.3547683, 34.7, 0.000, 0.000, -0.100, 2.48, 3.35, 10.81,  9
1500612029.0, 52.5458283, 13.3547700, 34.5, 0.000, 0.000, -0.200, 2.48, 3.35, 10.81,  9
1500612030.0, 52.5458283, 13.3547717, 34.3, 0.000, 0.000, -0.200, 2.48, 3.35, 10.81,  9
1500612031.0, 52.5458283, 13.3547733, 34.1, 0.000, 0.000, -0.200, 2.48, 3.35, 10.81,  4
1500612032.0, 52.5458283, 13.3547750, 34.0, -0.000, 0.000, -0.100, 2.48, 3.35, 10.81,  9
1500612033.0, 52.5458267, 13.3547767, 33.8, 0.000, -0.000, -0.200, 2.48, 3.35, 10.81,  9
1500612034.1, 52.5458267, 13.3547800, 33.6, 0.000, -0.000, -0.200, 2.48, 3.35, 10.81,  9
1500612035.1, 52.5458267, 13.3547817, 33.5, 0.000, -0.000, -0.100, 2.48, 3.35, 10.81,  9
1500612036.1, 52.5458267, 13.3547850, 33.3, 0.000, 0.000, -0.200, 2.48, 3.35, 10.81,  7
1500612037.1, 52.5458250, 13.3547867, 33.2, -0.000, 0.000, -0.100, 2.48, 3.35, 10.81,  9
1500612038.1, 52.5458250, 13.3547900, 33.2, -0.000, 0.000, 0.000, 2.48, 3.35, 10.87,  9
1500612039.1, 52.5458250, 13.3547933, 33.0, 0.000, 0.000, -0.200, 2.48, 3.35, 10.81,  9
1500612040.1, 52.5458250, 13.3547967, 33.0, -0.000, 0.000, 0.000, 2.48, 3.35, 10.87,  9
1500612041.1, 52.5458233, 13.3547983, 32.9, 0.000, 0.000, -0.100, 2.48, 3.35, 10.81,  4
1500612042.1, 52.5458233, 13.3548017, 32.9, -0.000, 0.000, 0.000, 2.48, 3.35, 10.87,  9
1500612043.1, 52.5458217, 13.3548050, 32.9, -0.000, 0.000, 0.000, 2.48, 3.35, 10.87,  9
1500612044.1, 52.5458217, 13.3548083, 32.8, -0.000, 0.000, -0.100, 2.48, 3.35, 10.87,  9
1500612045.1, 52.5458200, 13.3548117, 32.6, 0.000, -0.000, -0.200, 2.48, 3.35, 10.87,  9
1500612046.1, 52.5458200, 13.3548133, 32.5, 0.000, 0.000, -0.100, 2.48, 3.35, 10.87,  7
1500612047.1, 52.5458200, 13.3548167, 32.4, -0.000, 0.000, -0.100, 2.48, 3.35, 10.87,  9
1500612048.1, 52.5458200, 13.3548200, 32.3, 0.000, 0.000, -0.100, 2.48, 3.35, 10.87,  9
1500612049.1, 52.5458200, 13.3548217, 32.2, -0.000, -0.000, -0.100, 2.48, 3.35, 10.87,  9
1500612050.1, 52.5458200, 13.3548250, 32.1, -0.000, 0.000, -0.100, 2.48, 3.35, 10.87,  9
1500612051.1, 52.5458217, 13.3548300, 32.0, 0.000, 0.000, -0.100, 2.48, 3.35, 10.87,  7
1500612052.1, 52.5458217, 13.3548317, 31.9, 0.000, -0.000, -0.100, 2.48, 3.35, 10.87,  9
1500612053.2, 52.5458217, 13.3548333, 31.9, -0.000, 0.000, 0.000, 2.48, 3.35, 10.87,  9
1500612054.2, 52.5458217, 13.3548333, 31.8, 0.000, 0.000, -0.100, 2.48, 3.35, 10.87,  9
1500612055.2, 52.5458233, 13.3548367, 31.7, -0.000, 0.000, -0.100, 2.48, 3.35, 10.87,  9
1500612056.2, 52.5458233, 13.3548383, 31.6, 0.000, 0.000, -0.100, 2.48, 3.35, 10.87,  9
1500612057.2, 52.5458250, 13.3548383, 31.5, 0.000, -0.000, -0.100, 2.48, 3.35, 10.87,  9
1500612058.2, 52.5458250, 13.3548367, 31.5, -0.000, -0.000, 0.000, 2.48, 3.35, 10.87,  9
1500612059.2, 52.5458267, 13.3548367, 31.5, 0.000, -0.000, 0.000, 2.48, 3.35, 10.87,  9
1500612060.2, 52.5458267, 13.3548350, 31.4, 0.000, -0.000, -0.100, 2.48, 3.35, 10.87,  9
1500612061.2, 52.5458283, 13.3548350, 31.4, 0.000, 0.000, 0.000, 2.48, 3.35, 10.87,  9
1500612062.2, 52.5458283, 13.3548350, 31.4, -0.000, 0.000, 0.000, 2.48, 3.35, 10.87,  9
1500612063.2, 52.5458283, 13.3548333, 31.3, 0.000, 0.000, -0.100, 2.48, 3.35, 10.87,  9
1500612064.2, 52.5458283, 13.3548300, 31.4, 0.000, -0.000, 0.100, 2.48, 3.35, 10.87,  9
1500612065.2, 52.5458300, 13.3548283, 31.3, 0.000, -0.000, -0.100, 2.48, 3.35, 10.87,  9
1500612066.2, 52.5458300, 13.3548267, 31.3, 0.000, 0.000, 0.000, 2.48, 3.35, 10.87,  9
1500612067.2, 52.5458300, 13.3548233, 31.3, 0.000, -0.000, 0.000, 2.48, 3.35, 10.87,  9
1500612068.2, 52.5458300, 13.3548200, 31.3, -0.000, -0.000, 0.000, 2.48, 3.35, 10.87,  9
1500612069.2, 52.5458300, 13.3548167, 31.2, 0.000, -0.000, -0.100, 2.48, 3.35, 10.87,  9
1500612070.2, 52.5458283, 13.3548167, 31.2, -0.000, 0.000, 0.000, 2.48, 3.35, 10.87,  9
1500612071.2, 52.5458267, 13.3548150, 31.1, -0.000, -0.000, -0.100, 2.48, 3.35, 10.87,  9
1500612072.3, 52.5458267, 13.3548133, 31.1, -0.000, 0.000, 0.000, 2.48, 3.35, 10.87,  9
1500612073.3, 52.5458267, 13.3548117, 31.0, -0.000, 0.000, -0.100, 2.48, 3.35, 10.87,  9
1500612074.3, 52.5458267, 13.3548117, 30.9, -0.000, 0.000, -0.100, 2.48, 3.35, 10.87,  9
1500612075.3, 52.5458267, 13.3548083, 30.9, 0.000, -0.000, 0.000, 2.48, 3.35, 10.87,  9
1500612076.3, 52.5458267, 13.3548067, 30.8, 0.000, -0.000, -0.100, 2.48, 3.35, 10.87,  9
1500612077.3, 52.5458250, 13.3548050, 30.8, 0.000, -0.000, 0.000, 2.48, 3.35, 10.87,  9
1500612078.3, 52.5458250, 13.3548033, 30.7, 0.000, 0.000, -0.100, 2.48, 3.35, 10.87,  9
1500612079.3, 52.5458250, 13.3548033, 30.7, 0.000, 0.000, 0.000, 2.48, 3.35, 10.87,  9
1500612080.3, 52.5458250, 13.3548033, 30.7, 0.000, -0.000, 0.000, 2.48, 3.35, 10.87,  9
1500612081.3, 52.5458250, 13.3548033, 30.7, 0.000, -0.000, 0.000, 2.48, 3.35, 10.87,  9
1500612082.3, 52.5458250, 13.3548033, 30.7, 0.000, -0.000, 0.000, 2.48, 3.35, 10.87,  9
1500612083.3, 52.5458250, 13.3548033, 30.7, 0.000, -0.000, 0.000, 2.48, 3.35, 10.87,  9
1500612084.3, 52.5458250, 13.3548033, 30.7, 0.000, -0.000, 0.000, 2.48, 3.35, 10.87,  9
1500612085.3, 52.5458233, 13.3548017, 30.6, -0.000, 0.000, -0.100, 2.48, 3.35, 10.87,  9
1500612086.3, 52.5458233, 13.3548017, 30.5, -0.000, 0.000, -0.100, 2.48, 3.35, 10.87,  9
1500612087.3, 52.5458217, 13.3548017, 30.4, -0.000, 0.000, -0.100, 2.48, 3.35, 10.87,  9
1500612088.3, 52.5458200, 13.3548017, 30.2, -0.000, 0.000, -0.200, 2.48, 3.35, 10.87,  9
1500612089.3, 52.5458200, 13.3548017, 30.1, 0.000, -0.000, -0.100, 2.48, 3.35, 10.87,  9
1500612090.3, 52.5458200, 13.3548033, 30.0, 0.000, 0.000, -0.100, 2.48, 3.35, 10.87,  9
1500612091.4, 52.5458183, 13.3548033, 29.9, -0.000, -0.000, -0.100, 2.48, 3.35, 10.87,  9
1500612092.4, 52.5458167, 13.3548033, 29.8, 0.000, 0.000, -0.100, 2.48, 3.35, 10.87,  9
1500612093.4, 52.5458167, 13.3548033, 29.8, 0.000, 0.000, 0.000, 2.48, 3.35, 10.87,  9
1500612094.4, 52.5458167, 13.3548033, 29.7, 0.000, 0.000, -0.100, 2.48, 3.35, 10.87,  9
1500612095.4, 52.5458167, 13.3548033, 29.7, 0.000, 0.000, 0.000, 2.48, 3.35, 10.87,  9
1500612096.4, 52.5458167, 13.3548033, 29.6, -0.000, 0.000, -0.100, 2.48, 3.35, 10.87,  9
1500612097.4, 52.5458150, 13.3548033, 29.6, -0.000, -0.000, 0.000, 2.48, 3.35, 10.87,  9
1500612098.4, 52.5458150, 13.3548050, 29.5, -0.000, -0.000, -0.100, 2.48, 3.35, 10.87,  9
1500612099.4, 52.5458150, 13.3548050, 29.5, -0.000, -0.000, 0.000, 2.48, 3.35, 10.87,  9
1500612100.4, 52.5458150, 13.3548050, 29.4, 0.000, -0.000, -0.100, 2.48, 3.35, 10.87,  9
1500612101.4, 52.5458150, 13.3548050, 29.3, 0.000, -0.000, -0.100, 2.48, 3.35, 10.87,  9
1500612102.4, 52.5458150, 13.3548050, 29.2, 0.000, 0.000, -0.100, 2.48, 3.35, 10.93,  9
1500612103.4, 52.5458150, 13.3548050, 29.2, 0.000, 0.000, 0.000, 2.48, 3.35, 10.93,  9
1500612104.4, 52.5458150, 13.3548050, 29.1, 0.000, -0.000, -0.100, 2.48, 3.35, 10.93,  9
1500612105.4, 52.5458150, 13.3548050, 29.1, 0.000, -0.000, 0.000, 2.48, 3.35, 10.87,  9
1500612106.4, 52.5458150, 13.3548050, 29.1, 0.000, 0.000, 0.000, 2.48, 3.35, 10.93,  9
1500612107.4, 52.5458150, 13.3548050, 29.1, -0.000, -0.000, 0.000, 2.48, 3.35, 10.93,  9
1500612108.4, 52.5458150, 13.3548050, 29.0, 0.000, -0.000, -0.100, 2.48, 3.35, 10.93,  9
1500612109.4, 52.5458150, 13.3548050, 29.0, 0.000, 0.000, 0.000, 2.48, 3.35, 10.93,  9
1500612110.5, 52.5458150, 13.3548050, 29.0, -0.000, 0.000, 0.000, 2.48, 3.35, 10.93,  9
1500612111.5, 52.5458150, 13.3548050, 28.9, -0.000, 0.000, -0.100, 2.48, 3.35, 10.93,  9
1500612112.5, 52.5458150, 13.3548050, 28.9, -0.000, 0.000, 0.000, 2.48, 3.35, 10.93,  9
1500612113.5, 52.5458150, 13.3548050, 28.8, 0.000, 0.000, -0.100, 2.48, 3.35, 10.93,  9
1500612114.5, 52.5458167, 13.3548067, 28.8, 0.000, 0.000, 0.000, 2.48, 3.35, 10.93,  9
1500612115.5, 52.5458150, 13.3548067, 28.7, -0.000, -0.000, -0.100, 2.48, 3.35, 10.93,  9
1500612116.5, 52.5458167, 13.3548067, 28.7, 0.000, 0.000, 0.000, 2.48, 3.35, 10.93,  9
1500612117.5, 52.5458167, 13.3548067, 28.7, -0.000, 0.000, 0.000, 2.48, 3.35, 10.93,  8
1500612118.5, 52.5458167, 13.3548067, 28.7, -0.000, -0.000, 0.000, 2.48, 3.35, 10.98,  9
1500612119.5, 52.5458167, 13.3548067, 28.6, -0.000, -0.000, -0.100, 2.48, 3.35, 10.93,  8
1500612120.5, 52.5458167, 13.3548083, 28.5, 0.000, -0.000, -0.100, 2.48, 3.35, 10.98,  8
1500612121.5, 52.5458167, 13.3548100, 28.4, -0.000, -0.000, -0.100, 2.48, 3.35, 10.98,  9
1500612122.5, 52.5458150, 13.3548100, 28.2, -0.000, -0.000, -0.200, 2.48, 3.35, 10.93,  8
1500612123.5, 52.5458167, 13.3548117, 28.1, 0.000, 0.000, -0.100, 2.48, 3.35, 11.04,  8
1500612124.5, 52.5458150, 13.3548133, 28.1, -0.000, 0.000, 0.000, 2.48, 3.35, 11.04,  8
1500612125.5, 52.5458167, 13.3548167, 28.0, 0.000, 0.000, -0.100, 2.48, 3.35, 10.98,  8
1500612126.5, 52.5458167, 13.3548183, 27.9, 0.000, -0.000, -0.100, 2.48, 3.35, 10.98,  8
1500612127.5, 52.5458183, 13.3548200, 27.8, 0.000, 0.000, -0.100, 2.48, 3.35, 11.04,  8
1500612128.5, 52.5458167, 13.3548200, 27.7, -0.000, -0.000, -0.100, 2.48, 3.35, 11.04,  8
1500612129.5, 52.5458167, 13.3548200, 27.6, -0.000, 0.000, -0.100, 2.48, 3.35, 10.98,  8
1500612130.6, 52.5458183, 13.3548217, 27.5, 0.000, 0.000, -0.100, 2.48, 3.35, 11.04,  8
1500612131.6, 52.5458200, 13.3548167, 27.6, 0.000, -0.000, 0.100, 2.48, 3.35, 11.04,  8
1500612132.6, 52.5458200, 13.3548133, 27.5, -0.000, -0.000, -0.100, 2.48, 3.35, 11.04,  8
1500612133.6, 52.5458200, 13.3548100, 27.5, -0.000, -0.000, 0.000, 2.48, 3.35, 11.04,  8
1500612134.6, 52.5458200, 13.3548083, 27.4, -0.000, 0.000, -0.100, 2.48, 3.35, 11.04,  8
1500612135.6, 52.5458200, 13.3548100, 27.3, -0.000, 0.000, -0.100, 2.48, 3.35, 11.04,  9
1500612136.6, 52.5458217, 13.3548083, 27.2, 0.000, -0.000, -0.100, 2.48, 3.35, 10.93,  8
1500612137.6, 52.5458217, 13.3548100, 27.0, 0.000, 0.000, -0.200, 2.48, 3.35, 11.04,  9
1500612138.6, 52.5458233, 13.3548117, 26.9, 0.000, 0.000, -0.100, 2.48, 3.35, 10.93,  9
1500612139.6, 52.5458233, 13.3548150, 26.7, -0.000, 0.000, -0.200, 2.48, 3.35, 10.93,  9
1500612140.6, 52.5458250, 13.3548167, 26.6, 0.000, 0.000, -0.100, 2.48, 3.35, 10.93,  9
1500612141.6, 52.5458267, 13.3548200, 26.4, 0.000, 0.000, -0.200, 2.48, 3.35, 10.93,  9
1500612142.6, 52.5458267, 13.3548217, 26.3, 0.000, 0.000, -0.100, 2.48, 3.35, 10.93,  9
1500612143.6, 52.5458267, 13.3548217, 26.1, -0.000, -0.000, -0.200, 2.48, 3.35, 10.93,  9
1500612144.6, 52.5458283, 13.3548217, 26.0, 0.000, 0.000, -0.100, 2.48, 3.35, 10.93,  9
1500612145.6, 52.5458283, 13.3548233, 26.0, 0.000, 0.000, 0.000, 2.48, 3.35, 10.93,  9
1500612146.6, 52.5458300, 13.3548250, 25.9, 0.000, 0.000, -0.100, 2.48, 3.35, 10.93,  9
1500612147.6, 52.5458300, 13.3548250, 25.8, -0.000, 0.000, -0.100, 2.48, 3.35, 10.93,  9
1500612148.6, 52.5458300, 13.3548267, 25.7, 0.000, 0.000, -0.100, 2.48, 3.35, 10.93,  9
1500612149.7, 52.5458317, 13.3548283, 25.7, -0.000, 0.000, 0.000, 2.48, 3.35, 10.93,  9
1500612150.7, 52.5458333, 13.3548283, 25.6, 0.000, -0.000, -0.100, 2.48, 3.35, 10.93,  9
1500612151.7, 52.5458333, 13.3548283, 25.6, 0.000, -0.000, 0.000, 2.48, 3.35, 10.93,  9
1500612152.7, 52.5458350, 13.3548267, 25.5, 0.000, -0.000, -0.100, 2.48, 3.35, 10.93,  9
1500612153.7, 52.5458350, 13.3548250, 25.5, -0.000, 0.000, 0.000, 2.48, 3.35, 10.93,  9
1500612154.7, 52.5458350, 13.3548233, 25.4, 0.000, -0.000, -0.100, 2.48, 3.35, 10.93,  9
1500612155.7, 52.5458350, 13.3548250, 25.3, -0.000, 0.000, -0.100, 2.48, 3.35, 10.93,  9
1500612156.7, 52.5458350, 13.3548267, 25.2, 0.000, 0.000, -0.100, 2.48, 3.35, 10.93,  9
1500612157.7, 52.5458367, 13.3548283, 25.1, 0.000, -0.000, -0.100, 2.48, 3.35, 10.93,  9
1500612158.7, 52.5458367, 13.3548300, 25.0, -0.000, 0.000, -0.100, 2.48, 3.35, 10.93,  9
1500612159.7, 52.5458367, 13.3548317, 25.0, -0.000, 0.000, 0.000, 2.48, 3.35, 10.93,  9
1500612160.7, 52.5458367, 13.3548350, 24.9, -0.000, 0.000, -0.100, 2.48, 3.35, 10.93,  9
1500612161.7, 52.5458367, 13.3548367, 24.9, 0.000, 0.000, 0.000, 2.48, 3.35, 10.93,  9
1500612162.7, 52.5458367, 13.3548367, 24.9, -0.000, -0.000, 0.000, 2.48, 3.35, 10.93,  9
1500612163.7, 52.5458367, 13.3548383, 24.8, 0.000, 0.000, -0.100, 2.48, 3.35, 10.93,  9
1500612164.7, 52.5458350, 13.3548400, 24.8, -0.000, 0.000, 0.000, 2.48, 3.35, 10.93,  9
1500612165.7, 52.5458333, 13.3548417, 24.8, -0.000, 0.000, 0.000, 2.48, 3.35, 10.98,  9
1500612166.7, 52.5458333, 13.3548433, 24.8, -0.000, 0.000, 0.000, 2.48, 3.35, 10.93,  9
1500612167.7, 52.5458317, 13.3548450, 24.7, -0.000, 0.000, -0.100, 2.48, 3.35, 10.93,  9
1500612168.8, 52.5458283, 13.3548467, 24.6, -0.000, 0.000, -0.100, 2.48, 3.35, 10.98,  9
1500612169.8, 52.5458267, 13.3548483, 24.6, -0.000, -0.000, 0.000, 2.48, 3.35, 10.98,  9
1500612170.8, 52.5458233, 13.3548500, 24.6, -0.000, 0.000, 0.000, 2.48, 3.35, 10.98,  9
1500612171.8, 52.5458217, 13.3548500, 24.5, -0.000, -0.000, -0.100, 2.48, 3.35, 10.98,  9
1500612172.8, 52.5458183, 13.3548517, 24.4, -0.000, 0.000, -0.100, 2.48, 3.35, 10.93,  9
1500612173.8, 52.5458167, 13.3548533, 24.5, -0.000, 0.000, 0.100, 2.48, 3.35, 10.98,  9
1500612174.8, 52.5458150, 13.3548567, 24.4, 0.000, 0.000, -0.100, 2.48, 3.35, 10.98,  9
1500612175.8, 52.5458133, 13.3548617, 24.4, -0.000, 0.000, 0.000, 2.48, 3.35, 10.98,  9
1500612176.8, 52.5458133, 13.3548667, 24.3, -0.000, 0.000, -0.100, 2.48, 3.35, 10.98,  9
1500612177.8, 52.5458117, 13.3548700, 24.3, 0.000, 0.000, 0.000, 2.48, 3.35, 10.98,  9
1500612178.8, 52.5458100, 13.3548733, 24.2, -0.000, 0.000, -0.100, 2.48, 3.35, 10.98,  9
1500612179.8, 52.5458100, 13.3548750, 24.1, 0.000, -0.000, -0.100, 2.48, 3.35, 10.98,  9
1500612180.8, 52.5458083, 13.3548783, 24.1, -0.000, 0.000, 0.000, 2.48, 3.35, 10.98,  9
1500612181.8, 52.5458083, 13.3548800, 24.0, -0.000, 0.000, -0.100, 2.48, 3.35, 10.98,  9
1500612182.8, 52.5458083, 13.3548817, 24.0, 0.000, -0.000, 0.000, 2.48, 3.35, 10.98,  9
1500612183.8, 52.5458083, 13.3548867, 23.9, 0.000, 0.000, -0.100, 2.48, 3.35, 10.98,  9
1500612184.8, 52.5458083, 13.3548950, 23.9, 0.000, 0.000, 0.000, 2.48, 3.35, 10.98,  9
1500612185.8, 52.5458083, 13.3548950, 23.9, 0.000, 0.000, 0.000, 2.48, 3.35, 10.98,  9
1500612186.8, 52.5458083, 13.3548983, 23.8, 0.000, 0.000, -0.100, 2.48, 3.35, 10.98,  9
1500612187.9, 52.5458083, 13.3549017, 23.8, -0.000, 0.000, 0.000, 2.48, 3.35, 10.98,  9
1500612188.9, 52.5458083, 13.3549050, 23.7, -0.000, 0.000, -0.100, 2.48, 3.35, 10.98,  9
1500612189.9, 52.5458083, 13.3549067, 23.6, 0.000, 0.000, -0.100, 2.48, 3.35, 10.98,  9
1500612190.9, 52.5458083, 13.3549083, 23.6, 0.000, 0.000, 0.000, 2.48, 3.35, 10.98,  9
1500612191.9, 52.5458067, 13.3549083, 23.4, 0.000, -0.000, -0.200, 2.48, 3.35, 10.98,  9
1500612192.9, 52.5458067, 13.3549117, 23.3, 0.000, 0.000, -0.100, 2.48, 3.35, 10.98,  9
1500612193.9, 52.5458067, 13.3549117, 23.3, -0.000, -0.000, -0.100, 2.48, 3.35, 10.98,  9
1500612194.9, 52.5458083, 13.3549150, 23.3, 0.000, 0.000, 0.000, 2.48, 3.35, 11.10,  8
1500612195.9, 52.5458133, 13.3549100, 23.3, 0.000, 0.000, 0.000, 2.48, 3.35, 10.98,  9
1500612196.9, 52.5458183, 13.3548950, 23.4, 0.000, 0.000, 0.100, 2.48, 3.35, 10.98,  9
1500612197.9, 52.5458300, 13.3548783, 23.7, 0.000, 0.000, 0.300, 2.48, 3.35, 10.98,  9
1500612198.9, 52.5458350, 13.3548583, 23.7, 0.000, 0.000, 0.000, 2.48, 3.35, 5.12,  9
1500612199.9, 52.5458417, 13.3548350, 23.7, 0.000, 0.000, 0.000, 2.48, 3.35, 5.12,  9
1500612200.9, 52.5458400, 13.3548150, 23.9, 0.000, 0.000, 0.200, 2.48, 3.35, 5.12,  9
1500612201.9, 52.5458367, 13.3547933, 24.0, 0.000, 0.000, 0.100, 2.48, 3.35, 5.12,  9
1500612202.9, 52.5458317, 13.3547733, 23.9, 0.000, 0.000, -0.100, 2.48, 3.35, 5.12,  9
1500612203.9, 52.5458250, 13.3547517, 23.9, 0.000, 0.000, 0.000, 2.48, 3.35, 5.12,  9
1500612204.9, 52.5458183, 13.3547300, 23.8, 0.000, 0.000, -0.100, 2.48, 3.35, 5.12,  9
1500612205.9, 52.5458117, 13.3547117, 23.7, 0.000, 0.000, -0.100, 2.48, 3.35, 5.12,  9
1500612207.0, 52.5458067, 13.3546933, 23.6, 0.000, 0.000, -0.100, 2.48, 3.35, 5.12,  9
1500612208.0, 52.5458017, 13.3546733, 23.4, 0.000, 0.000, -0.200, 2.48, 3.35, 5.12,  9
1500612209.0, 52.5457733, 13.3546650, 23.8, 0.000, 0.000, 0.400, 2.48, 3.35, 5.12,  9
1500612210.0, 52.5457633, 13.3546467, 23.8, 0.000, 0.000, 0.000, 2.48, 3.35, 5.12,  9
1500612211.0, 52.5457550, 13.3546250, 23.9, 0.000, 0.000, 0.100, 2.48, 3.35, 5.12,  9
1500612212.0, 52.5457450, 13.3546067, 24.0, 0.000, 0.000, 0.100, 2.48, 3.35, 5.12,  9
1500612213.0, 52.5457400, 13.3545883, 24.0, 0.000, 0.000, 0.000, 2.48, 3.35, 5.12,  9
1500612214.0, 52.5457350, 13.3545700, 24.0, -0.000, -0.000, 0.000, 2.48, 3.35, 5.12,  9
1500612215.0, 52.5457300, 13.3545533, 23.8, -0.000, -0.000, -0.200, 2.48, 3.35, 5.12,  9
1500612216.0, 52.5457217, 13.3545367, 23.9, 0.000, 0.000, 0.100, 2.48, 3.35, 5.12,  4
1500612217.0, 52.5457133, 13.3545183, 24.0, -0.000, -0.000, 0.100, 2.48, 3.35, 5.12,  9
1500612218.0, 52.5457050, 13.3545000, 24.1, -0.000, -0.000, 0.100, 2.48, 3.35, 5.12,  9
1500612219.0, 52.5457000, 13.3544817, 24.2, -0.000, -0.000, 0.100, 2.48, 3.35, 5.12,  9
1500612220.0, 52.5456950, 13.3544633, 24.3, -0.000, -0.000, 0.100, 2.48, 3.35, 5.12,  9
1500612221.0, 52.5456883, 13.3544450, 24.4, 0.000, 0.000, 0.100, 2.48, 3.35, 5.12,  4
1500612222.0, 52.5456800, 13.3544250, 24.3, -0.000, -0.000, -0.100, 2.48, 3.35, 5.12,  9
1500612223.0, 52.5456733, 13.3544067, 24.3, -0.000, -0.000, 0.000, 2.48, 3.35, 5.12,  9
1500612224.0, 52.5456650, 13.3543900, 24.2, -0.000, -0.000, -0.100, 2.48, 3.35, 5.12,  9
1500612225.0, 52.5456567, 13.3543733, 24.1, -0.000, -0.000, -0.100, 2.48, 3.35, 5.12,  9
1500612226.1, 52.5456483, 13.3543567, 24.1, 0.000, 0.000, 0.000, 2.48, 3.35, 5.12,  4
1500612227.1, 52.5456417, 13.3543383, 24.0, -0.000, -0.000, -0.100, 2.48, 3.35, 5.12,  9
1500612228.1, 52.5456333, 13.3543217, 24.2, -0.000, -0.000, 0.200, 2.48, 3.35, 5.12,  9
1500612229.1, 52.5456267, 13.3543033, 24.2, -0.000, -0.000, 0.000, 2.48, 3.35, 5.12,  9
1500612230.1, 52.5456167, 13.3542850, 24.1, -0.000, -0.000, -0.100, 2.48, 3.35, 5.12,  9
1500612231.1, 52.5456067, 13.3542700, 24.2, 0.000, 0.000, 0.100, 2.48, 3.35, 5.12,  4
1500612232.1, 52.5455983, 13.3542533, 24.3, -0.000, -0.000, 0.100, 2.48, 3.35, 5.12,  9
1500612233.1, 52.5455933, 13.3542367, 24.6, -0.000, -0.000, 0.300, 2.48, 3.35, 5.12,  9
1500612234.1, 52.5455883, 13.3542217, 24.6, -0.000, -0.000, 0.000, 2.48, 3.35, 5.12,  9
1500612235.1, 52.5455783, 13.3542017, 24.4, -0.000, -0.000, -0.200, 2.48, 3.35, 5.12,  9
1500612236.1, 52.5455717, 13.3541833, 24.4, 0.000, 0.000, 0.000, 2.48, 3.35, 5.12,  7
1500612237.1, 52.5455650, 13.3541667, 24.2, -0.000, -0.000, -0.200, 2.48, 3.35, 5.12,  9
1500612238.1, 52.5455550, 13.3541500, 24.1, -0.000, -0.000, -0.100, 2.48, 3.35, 5.12,  9
1500612239.1, 52.5455467, 13.3541350, 24.2, -0.000, -0.000, 0.100, 2.48, 3.35, 5.12,  9
1500612240.1, 52.5455400, 13.3541167, 24.0, -0.000, -0.000, -0.200, 2.48, 3.35, 5.12,  9
1500612241.1, 52.5455317, 13.3540983, 23.8, 0.000, 0.000, -0.200, 2.48, 3.35, 5.12,  7
1500612242.1, 52.5455217, 13.3540833, 23.5, -0.000, -0.000, -0.300, 2.48, 3.35, 5.12,  9
1500612243.1, 52.5455150, 13.3540700, 23.4, -0.000, -0.000, -0.100, 2.48, 3.35, 5.12,  9
1500612244.1, 52.5455067, 13.3540517, 23.3, -0.000, -0.000, -0.100, 2.48, 3.35, 5.12,  9
1500612245.1, 52.5454983, 13.3540383, 23.4, -0.000, -0.000, 0.100, 2.48, 3.35, 5.12,  9
1500612246.2, 52.5454933, 13.3540233, 23.6, 0.000, 0.000, 0.200, 2.48, 3.35, 5.12,  9
1500612247.2, 52.5454867, 13.3540067, 23.7, -0.000, -0.000, 0.100, 2.48, 3.35, 5.12,  9
1500612248.2, 52.5454783, 13.3539900, 23.8, -0.000, -0.000, 0.100, 2.48, 3.35, 5.12,  9
1500612249.2, 52.5454717, 13.3539733, 24.0, -0.000, -0.000, 0.200, 2.48, 3.35, 5.12,  9
1500612250.2, 52.5454650, 13.3539600, 24.1, -0.000, -0.000, 0.100, 2.48, 3.35, 5.12,  9
1500612251.2, 52.5454583, 13.3539467, 24.4, 0.000, 0.000, 0.300, 2.48, 3.35, 5.12,  9
1500612252.2, 52.5454533, 13.3539300, 24.6, -0.000, -0.000, 0.200, 2.48, 3.35, 5.12,  9
1500612253.2, 52.5454483, 13.3539167, 24.6, -0.000, -0.000, 0.000, 2.48, 3.35, 5.12,  9
1500612254.2, 52.5454433, 13.3539050, 24.6, -0.000, -0.000, 0.000, 2.48, 3.35, 5.12,  9
1500612255.2, 52.5454350, 13.3538917, 24.8, -0.000, -0.000, 0.200, 2.48, 3.35, 5.12,  9
1500612256.2, 52.5454283, 13.3538783, 24.9, -0.000, -0.000, 0.100, 2.48, 3.35, 5.12,  9
1500612257.2, 52.5454217, 13.3538667, 25.0, -0.000, -0.000, 0.100, 2.48, 3.35, 5.12,  9
1500612258.2, 52.5454167, 13.3538550, 25.2, -0.000, -0.000, 0.200, 2.48, 3.35, 5.12,  9
1500612259.2, 52.5454150, 13.3538350, 25.4, -0.000, -0.000, 0.200, 2.48, 3.35, 5.12,  9
1500612260.2, 52.5454083, 13.3538200, 25.6, -0.000, -0.000, 0.200, 2.48, 3.35, 5.12,  9
1500612261.2, 52.5454017, 13.3538067, 25.8, -0.000, -0.000, 0.200, 2.48, 3.35, 5.12,  9
1500612262.2, 52.5453967, 13.3537950, 26.0, -0.000, -0.000, 0.200, 2.48, 3.35, 5.12,  9
1500612263.2, 52.5453917, 13.3537767, 26.2, -0.000, -0.000, 0.200, 2.48, 3.35, 5.12,  9
1500612264.2, 52.5453833, 13.3537600, 26.5, -0.000, -0.000, 0.300, 2.48, 3.35, 5.12,  9
1500612265.2, 52.5453783, 13.3537483, 26.8, -0.000, -0.000, 0.300, 2.48, 3.35, 5.12,  9
1500612266.3, 52.5453783, 13.3537350, 27.1, 0.000, -0.000, 0.300, 2.48, 3.35, 5.12,  9
1500612267.3, 52.5453783, 13.3537433, 27.4, 0.000, 0.000, 0.300, 2.48, 3.35, 5.12,  9
1500612268.3, 52.5453683, 13.3537267, 27.7, 0.000, -0.000, 0.300, 2.48, 3.35, 5.12,  9
1500612269.3, 52.5453650, 13.3537167, 27.7, -0.000, -0.000, 0.000, 2.48, 3.35, 5.12,  9
1500612270.3, 52.5453633, 13.3537067, 27.9, -0.000, -0.000, 0.200, 2.48, 3.35, 5.12,  9
1500612271.3, 52.5453567, 13.3536850, 28.0, -0.000, -0.000, 0.100, 2.48, 3.35, 5.12,  9
1500612272.3, 52.5453483, 13.3536650, 28.2, -0.000, -0.000, 0.200, 2.48, 3.35, 5.12,  9
1500612273.3, 52.5453367, 13.3536417, 28.3, -0.000, -0.000, 0.100, 2.48, 3.35, 5.12,  9
1500612274.3, 52.5453233, 13.3536200, 28.4, -0.000, -0.000, 0.100, 2.48, 3.35, 5.12,  9
1500612275.3, 52.5453083, 13.3535950, 28.6, -0.000, -0.000, 0.200, 2.48, 3.35, 5.12,  9
1500612276.3, 52.5452950, 13.3535750, 28.8, -0.000, -0.000, 0.200, 2.48, 3.35, 5.12,  9
1500612277.3, 52.5452850, 13.3535600, 28.9, -0.000, -0.000, 0.100, 2.48, 3.35, 5.12,  9
1500612278.3, 52.5452733, 13.3535433, 29.0, -0.000, -0.000, 0.100, 2.48, 3.35, 5.12,  9
1500612279.3, 52.5452683, 13.3535317, 29.1, -0.000, -0.000, 0.100, 2.48, 3.35, 5.12,  9
1500612280.3, 52.5452667, 13.3535183, 29.2, -0.000, -0.000, 0.100, 2.48, 3.35, 5.12,  9
1500612281.3, 52.5452633, 13.3534983, 29.3, -0.000, -0.000, 0.100, 2.48, 3.35, 5.12,  9
1500612282.3, 52.5452600, 13.3534800, 29.4, -0.000, -0.000, 0.100, 2.48, 3.35, 5.12,  9
1500612283.3, 52.5452533, 13.3534617, 29.5, -0.000, -0.000, 0.100, 2.48, 3.35, 5.12,  9
1500612284.3, 52.5452467, 13.3534400, 29.6, -0.000, -0.000, 0.100, 2.48, 3.35, 5.12,  9
1500612285.3, 52.5452417, 13.3534167, 29.7, -0.000, -0.000, 0.100, 2.48, 3.35, 5.12,  9
1500612286.4, 52.5452367, 13.3533967, 29.8, -0.000, -0.000, 0.100, 2.48, 3.35, 5.12,  9
1500612287.4, 52.5452317, 13.3533783, 30.0, -0.000, -0.000, 0.200, 2.48, 3.35, 5.12,  9
1500612288.4, 52.5452250, 13.3533600, 30.1, -0.000, -0.000, 0.100, 2.48, 3.35, 5.12,  9
1500612289.4, 52.5452233, 13.3533417, 30.3, -0.000, -0.000, 0.200, 2.48, 3.35, 5.12,  9
1500612290.4, 52.5452183, 13.3533217, 30.4, -0.000, -0.000, 0.100, 2.48, 3.35, 5.12,  9
1500612291.4, 52.5452083, 13.3532950, 30.4, -0.000, -0.000, 0.000, 2.48, 3.35, 5.12,  9
1500612292.4, 52.5452017, 13.3532683, 30.5, -0.000, -0.000, 0.100, 2.48, 3.35, 5.12,  9
1500612293.4, 52.5451900, 13.3532450, 30.7, -0.000, -0.000, 0.200, 2.48, 3.35, 5.12,  9
1500612294.4, 52.5451817, 13.3532250, 30.9, -0.000, -0.000, 0.200, 2.48, 3.35, 11.04,  9
1500612295.4, 52.5451750, 13.3532050, 31.1, -0.000, -0.000, 0.200, 2.48, 3.35, 11.04,  9
1500612296.4, 52.5451683, 13.3531867, 31.3, -0.000, -0.000, 0.200, 2.48, 3.35, 5.12,  9
1500612297.4, 52.5451617, 13.3531767, 31.5, -0.000, -0.000, 0.200, 2.48, 3.35, 5.12,  9
1500612298.4, 52.5451567, 13.3531733, 31.7, -0.000, -0.000, 0.200, 2.48, 3.35, 5.12,  9
1500612299.4, 52.5451550, 13.3531617, 31.9, -0.000, -0.000, 0.200, 2.48, 3.35, 5.12,  9
1500612300.4, 52.5451567, 13.3531633, 32.0, 0.000, 0.000, 0.100, 2.48, 3.35, 5.12,  9
1500612301.4, 52.5451533, 13.3531517, 32.1, 0.000, -0.000, 0.100, 2.48, 3.35, 5.12,  9
1500612302.4, 52.5451533, 13.3531467, 32.3, 0.000, -0.000, 0.200, 2.48, 3.35, 5.12,  9
1500612303.4, 52.5451483, 13.3531350, 32.3, -0.000, -0.000, 0.000, 2.48, 3.35, 5.12,  9
1500612304.4, 52.5451433, 13.3531233, 32.4, -0.000, -0.000, 0.100, 2.48, 3.35, 5.12,  9
1500612305.4, 52.5451367, 13.3531100, 32.5, -0.000, -0.000, 0.100, 2.48, 3.35, 5.12,  9
1500612306.4, 52.5451317, 13.3531000, 32.6, -0.000, -0.000, 0.100, 2.48, 3.35, 5.12,  9
1500612307.5, 52.5451250, 13.3530833, 32.6, -0.000, -0.000, 0.000, 2.48, 3.35, 5.12,  9
1500612308.5, 52.5451133, 13.3530633, 32.6, -0.000, -0.000, 0.000, 2.48, 3.35, 5.12,  9
1500612309.5, 52.5451050, 13.3530467, 32.7, -0.000, -0.000, 0.100, 2.48, 3.35, 5.12,  9
1500612310.5, 52.5450967, 13.3530267, 32.7, -0.000, -0.000, 0.000, 2.48, 3.35, 5.12,  9
1500612311.5, 52.5450883, 13.3530067, 32.7, -0.000, -0.000, 0.000, 2.48, 3.35, 5.12,  9
1500612312.5, 52.5450783, 13.3529800, 32.8, -0.000, -0.000, 0.100, 2.48, 3.35, 5.12,  9
1500612313.5, 52.5450667, 13.3529600, 32.8, -0.000, -0.000, 0.000, 2.48, 3.35, 5.12,  9
1500612314.5, 52.5450533, 13.3529367, 32.8, -0.000, -0.000, 0.000, 2.48, 3.35, 5.12,  9
1500612315.5, 52.5450417, 13.3529133, 32.8, -0.000, -0.000, 0.000, 2.48, 3.35, 5.12,  9
1500612316.5, 52.5450333, 13.3529000, 32.8, -0.000, -0.000, 0.000, 2.48, 3.35, 5.12,  9
1500612317.5, 52.5450283, 13.3528950, 32.8, -0.000, -0.000, 0.000, 2.48, 3.35, 5.12,  9
1500612318.5, 52.5450183, 13.3528967, 32.8, -0.000, -0.000, 0.000, 2.48, 3.35, 5.12,  9
1500612319.5, 52.5450233, 13.3528850, 32.8, -0.000, -0.000, 0.000, 2.48, 3.35, 5.12,  9
1500612320.5, 52.5450167, 13.3528750, 32.7, -0.000, -0.000, -0.100, 2.48, 3.35, 5.12,  9
1500612321.5, 52.5450167, 13.3528683, 32.7, -0.000, -0.000, 0.000, 2.48, 3.35, 5.12,  9
1500612322.5, 52.5450133, 13.3528667, 32.5, -0.000, -0.000, -0.200, 2.48, 3.35, 5.12,  9
1500612323.5, 52.5450133, 13.3528617, 32.5, -0.000, -0.000, 0.000, 2.48, 3.35, 5.12,  9
1500612324.5, 52.5450083, 13.3528483, 32.5, -0.000, -0.000, 0.000, 2.48, 3.35, 5.12,  9
1500612325.5, 52.5450017, 13.3528383, 32.4, -0.000, -0.000, -0.100, 2.48, 3.35, 5.12,  9
1500612326.5, 52.5450000, 13.3528283, 32.4, -0.000, -0.000, 0.000, 2.48, 3.35, 5.12,  9
1500612327.6, 52.5450033, 13.3528167, 32.4, -0.000, -0.000, 0.000, 2.48, 3.35, 5.12,  9
1500612328.6, 52.5450017, 13.3527967, 32.3, -0.000, -0.000, -0.100, 2.48, 3.35, 5.12,  9
1500612329.6, 52.5449950, 13.3527800, 32.2, -0.000, -0.000, -0.100, 2.48, 3.35, 5.12,  8
1500612330.6, 52.5449933, 13.3527683, 32.2, -0.000, -0.000, 0.000, 2.48, 3.35, 5.17,  8
1500612331.6, 52.5449933, 13.3527583, 32.2, -0.000, -0.000, 0.000, 2.48, 3.35, 5.17,  8
1500612332.6, 52.5449833, 13.3527417, 32.1, -0.000, -0.000, -0.100, 2.48, 3.35, 5.17,  8
1500612333.6, 52.5449533, 13.3527533, 32.1, -0.000, -0.000, 0.000, 2.48, 3.35, 5.17,  7
1500612334.6, 52.5449150, 13.3527217, 32.0, -0.000, -0.000, -0.100, 2.48, 3.35, 5.17,  8
1500612335.6, 52.5448817, 13.3527133, 31.9, -0.000, -0.000, -0.100, 2.48, 3.35, 5.17,  8
1500612336.6, 52.5448800, 13.3527100, 31.6, -0.000, -0.000, -0.300, 2.48, 3.35, 5.17,  8
1500612337.6, 52.5448733, 13.3526717, 31.5, -0.000, -0.000, -0.100, 2.48, 3.35, 5.17,  8
1500612338.6, 52.5448683, 13.3526333, 31.4, -0.000, -0.000, -0.100, 2.48, 3.35, 5.17,  7
1500612339.6, 52.5448533, 13.3525767, 31.4, -0.000, -0.000, 0.000, 2.48, 3.35, 5.23,  7
1500612340.6, 52.5448400, 13.3525350, 31.3, -0.000, -0.000, -0.100, 2.48, 3.35, 5.23,  7
1500612341.6, 52.5448133, 13.3524850, 31.3, -0.000, -0.000, 0.000, 2.48, 3.35, 5.23,  7
1500612342.6, 52.5448033, 13.3524600, 31.2, -0.000, -0.000, -0.100, 2.48, 3.35, 5.23,  7
1500612343.7, 52.5447933, 13.3524300, 31.2, -0.000, -0.000, 0.000, 2.48, 3.35, 5.23,  7
1500612344.7, 52.5447817, 13.3524067, 31.1, -0.000, -0.000, -0.100, 2.48, 3.35, 5.23,  8
1500612345.7, 52.5447817, 13.3523983, 31.1, -0.000, -0.000, 0.000, 2.48, 3.35, 5.17,  8
1500612346.7, 52.5447650, 13.3523667, 31.1, -0.000, -0.000, 0.000, 2.48, 3.35, 5.17,  8
1500612347.7, 52.5447567, 13.3523450, 31.0, -0.000, -0.000, -0.100, 2.48, 3.35, 5.17,  8
1500612348.7, 52.5447433, 13.3523217, 31.0, -0.000, -0.000, 0.000, 2.48, 3.35, 5.17,  7
1500612349.7, 52.5447333, 13.3522950, 30.9, -0.000, -0.000, -0.100, 2.48, 3.35, 5.46,  7
1500612350.7, 52.5447183, 13.3522633, 30.8, -0.000, -0.000, -0.100, 2.48, 3.35, 5.46,  7
1500612351.7, 52.5447100, 13.3522383, 30.7, -0.000, -0.000, -0.100, 2.48, 3.35, 5.46,  7
1500612352.7, 52.5447000, 13.3522150, 30.6, -0.000, -0.000, -0.100, 2.48, 3.35, 5.46,  7
1500612353.7, 52.5446917, 13.3521917, 30.4, -0.000, -0.000, -0.200, 2.48, 3.35, 5.46,  7
1500612354.7, 52.5446733, 13.3521583, 30.3, -0.000, -0.000, -0.100, 2.48, 3.35, 5.46,  7
1500612355.7, 52.5446617, 13.3521267, 30.1, -0.000, -0.000, -0.200, 2.48, 3.35, 5.46,  7
1500612356.7, 52.5446533, 13.3521033, 30.0, -0.000, -0.000, -0.100, 2.48, 3.35, 16.68,  7
1500612357.7, 52.5446450, 13.3520800, 29.9, -0.000, -0.000, -0.100, 2.48, 3.35, 5.46,  7
1500612358.7, 52.5446350, 13.3520650, 29.9, -0.000, -0.000, 0.000, 2.48, 3.35, 5.46,  7
1500612359.7, 52.5446233, 13.3520483, 29.8, -0.000, -0.000, -0.100, 2.48, 3.35, 5.46,  7
1500612360.7, 52.5446100, 13.3520233, 29.9, -0.000, -0.000, 0.100, 2.48, 3.35, 5.46,  7
1500612361.7, 52.5446017, 13.3520050, 29.9, -0.000, -0.000, 0.000, 2.48, 3.35, 16.68,  7
1500612362.7, 52.5445850, 13.3519900, 29.9, -0.000, -0.000, 0.000, 2.48, 3.35, 16.68,  7
1500612363.7, 52.5445733, 13.3519817, 29.9, -0.000, 0.000, 0.000, 2.48, 3.35, 5.46,  7
1500612364.8, 52.5445650, 13.3519767, 29.9, -0.000, -0.000, 0.000, 2.48, 3.35, 5.46,  7
1500612365.8, 52.5445633, 13.3519500, 29.8, 0.000, -0.000, -0.100, 2.48, 3.35, 5.46,  7
1500612366.8, 52.5445517, 13.3519333, 29.8, -0.000, -0.000, 0.000, 2.48, 3.35, 5.46,  8
1500612367.8, 52.5445433, 13.3519117, 29.8, -0.000, -0.000, 0.000, 2.48, 3.35, 5.17,  8
1500612368.8, 52.5445300, 13.3518917, 29.7, -0.000, -0.000, -0.100, 2.48, 3.35, 5.17,  8
1500612369.8, 52.5445150, 13.3518700, 29.6, -0.000, -0.000, -0.100, 2.48, 3.35, 5.17,  8
1500612370.8, 52.5445050, 13.3518533, 29.6, -0.000, -0.000, 0.000, 2.48, 3.35, 11.73,  8
1500612371.8, 52.5444983, 13.3518350, 29.6, -0.000, -0.000, 0.000, 2.48, 3.35, 5.17,  8
1500612372.8, 52.5444917, 13.3518183, 29.4, -0.000, -0.000, -0.200, 2.48, 3.35, 5.17,  8
1500612373.8, 52.5444850, 13.3517967, 29.3, -0.000, -0.000, -0.100, 2.48, 3.35, 5.17,  8
1500612374.8, 52.5444767, 13.3517800, 29.1, -0.000, -0.000, -0.200, 2.48, 3.35, 5.17,  8
1500612375.8, 52.5444683, 13.3517617, 28.9, -0.000, -0.000, -0.200, 2.48, 3.35, 5.17,  8
1500612376.8, 52.5444467, 13.3517267, 28.6, 0.000, 0.000, -0.200, 2.48, 3.35, 5.17,  8
1500612377.8, 52.5444350, 13.3517117, 28.4, 0.000, 0.000, -0.200, 2.48, 3.35, 5.17,  8
1500612378.8, 52.5444250, 13.3516950, 28.2, 0.000, 0.000, -0.200, 2.48, 3.35, 5.17,  8
1500612379.8, 52.5444250, 13.3516950, 28.2, -0.000, -0.000, -0.200, 2.48, 3.35, 5.17,  8
1500612380.9, 52.5444033, 13.3516667, 27.9, 0.000, 0.000, -0.200, 2.48, 3.35, 5.17,  8
1500612381.9, 52.5444033, 13.3516667, 27.9, -0.000, -0.000, -0.200, 2.48, 3.35, 5.17,  9
1500612382.9, 52.5443900, 13.3516467, 27.4, 0.000, 0.000, -0.300, 2.48, 3.35, 5.12,  9
1500612383.9, 52.5443900, 13.3516467, 27.4, 0.000, -0.000, -0.300, 2.48, 3.35, 5.12,  9
1500612384.9, 52.5443850, 13.3516317, 27.1, 0.000, 0.000, -0.100, 2.48, 3.35, 11.10,  9
1500612385.9, 52.5443733, 13.3516133, 26.9, 0.000, 0.000, -0.200, 2.48, 3.35, 11.10,  9
1500612386.9, 52.5443667, 13.3515950, 26.8, 0.000, 0.000, -0.100, 2.48, 3.35, 5.12,  9
1500612387.9, 52.5443583, 13.3515767, 26.7, 0.000, 0.000, -0.100, 2.48, 3.35, 5.12,  9
1500612388.9, 52.5443467, 13.3515550, 26.8, 0.000, 0.000, 0.100, 2.48, 3.35, 5.12,  9
1500612389.9, 52.5443383, 13.3515367, 26.9, 0.000, 0.000, 0.100, 2.48, 3.35, 5.12,  9
1500612390.9, 52.5443283, 13.3515150, 26.8, 0.000, 0.000, -0.100, 2.48, 3.35, 11.10,  9
1500612391.9, 52.5443183, 13.3514983, 26.9, 0.000, 0.000, 0.100, 2.48, 3.35, 11.10,  9
1500612392.9, 52.5443067, 13.3514783, 27.0, 0.000, 0.000, 0.100, 2.48, 3.35, 5.12,  9
1500612393.9, 52.5442900, 13.3514633, 27.1, 0.000, 0.000, 0.100, 2.48, 3.35, 5.12,  9
1500612394.9, 52.5442750, 13.3514533, 27.1, 0.000, 0.000, 0.000, 2.48, 3.35, 11.10,  9
1500612395.9, 52.5442600, 13.3514467, 27.2, 0.000, 0.000, 0.100, 2.48, 3.35, 5.12,  9
1500612396.9, 52.5442450, 13.3514400, 27.2, 0.000, 0.000, 0.000, 2.48, 3.35, 5.12,  9
1500612397.9, 52.5442300, 13.3514383, 27.2, 0.000, 0.000, 0.000, 2.48, 3.35, 5.12,  9
1500612398.9, 52.5442200, 13.3514317, 27.1, 0.000, 0.000, -0.100, 2.48, 3.35, 5.12,  9
1500612400.0, 52.5442083, 13.3514300, 27.0, 0.000, 0.000, -0.100, 2.48, 3.35, 5.12,  9
1500612401.0, 52.5441950, 13.3514267, 27.0, 0.000, 0.000, 0.000, 2.48, 3.35, 5.12,  9
1500612402.0, 52.5441833, 13.3514233, 26.9, -0.000, -0.000, -0.100, 2.48, 3.35, 5.12,  9
1500612403.0, 52.5441733, 13.3514150, 26.9, 0.000, 0.000, 0.000, 2.48, 3.35, 5.12,  9
1500612404.0, 52.5441617, 13.3514133, 26.9, -0.000, 0.000, 0.000, 2.48, 3.35, 5.12,  9
1500612405.0, 52.5441533, 13.3514217, 26.9, 0.000, 0.000, 0.000, 2.48, 3.35, 5.12,  9
1500612406.0, 52.5441450, 13.3514300, 26.8, 0.000, 0.000, -0.100, 2.48, 3.35, 5.12,  4
1500612407.0, 52.5441317, 13.3514250, 26.7, -0.000, 0.000, -0.100, 2.48, 3.35, 5.12,  9
1500612408.0, 52.5441167, 13.3514233, 26.6, -0.000, -0.000, -0.100, 2.48, 3.35, 5.12,  9
1500612409.0, 52.5441033, 13.3514250, 26.6, -0.000, 0.000, 0.000, 2.48, 3.35, 5.12,  9
1500612410.0, 52.5440950, 13.3514300, 26.5, 0.000, 0.000, -0.100, 2.48, 3.35, 5.12,  9
1500612411.0, 52.5440833, 13.3514367, 26.5, 0.000, 0.000, 0.000, 2.48, 3.35, 5.12,  4
1500612412.0, 52.5440717, 13.3514433, 26.5, -0.000, 0.000, 0.000, 2.48, 3.35, 5.12,  9
1500612413.0, 52.5440600, 13.3514550, 26.5, -0.000, 0.000, 0.000, 2.48, 3.35, 5.12,  9
1500612414.0, 52.5440500, 13.3514683, 26.6, -0.000, 0.000, 0.100, 2.48, 3.35, 5.12,  9
1500612415.0, 52.5440383, 13.3514817, 26.7, 0.000, 0.000, 0.100, 2.48, 3.35, 11.10,  9
1500612416.0, 52.5440283, 13.3514950, 26.7, 0.000, 0.000, 0.000, 2.48, 3.35, 11.10,  4
1500612417.0, 52.5440167, 13.3515083, 26.8, -0.000, 0.000, 0.100, 2.48, 3.35, 5.12,  9
1500612418.0, 52.5440067, 13.3515200, 26.8, -0.000, 0.000, 0.000, 2.48, 3.35, 5.12,  9
1500612419.0, 52.5439967, 13.3515333, 26.9, -0.000, 0.000, 0.100, 2.48, 3.35, 5.12,  9
1500612420.1, 52.5439850, 13.3515483, 27.0, -0.000, 0.000, 0.100, 2.48, 3.35, 5.12,  9
1500612421.1, 52.5439750, 13.3515583, 27.1, 0.000, 0.000, 0.100, 2.48, 3.35, 5.12,  4
1500612422.1, 52.5439667, 13.3515733, 27.1, -0.000, 0.000, 0.000, 2.48, 3.35, 5.12,  9
1500612423.1, 52.5439583, 13.3515883, 27.2, -0.000, 0.000, 0.100, 2.48, 3.35, 5.12,  9
1500612424.1, 52.5439483, 13.3516033, 27.3, -0.000, 0.000, 0.100, 2.48, 3.35, 5.12,  9
1500612425.1, 52.5439383, 13.3516150, 27.4, -0.000, 0.000, 0.100, 2.48, 3.35, 5.12,  9
1500612426.1, 52.5439283, 13.3516300, 27.4, 0.000, 0.000, 0.000, 2.48, 3.35, 5.12,  7
1500612427.1, 52.5439150, 13.3516467, 27.5, -0.000, 0.000, 0.100, 2.48, 3.35, 5.12,  9
1500612428.1, 52.5439067, 13.3516633, 27.5, -0.000, 0.000, 0.000, 2.48, 3.35, 5.12,  9
1500612429.1, 52.5439000, 13.3516767, 27.5, -0.000, 0.000, 0.000, 2.48, 3.35, 5.12,  9
1500612430.1, 52.5438933, 13.3516967, 27.5, -0.000, 0.000, 0.000, 2.48, 3.35, 5.12,  9
1500612431.1, 52.5438833, 13.3517133, 27.5, 0.000, 0.000, 0.000, 2.48, 3.35, 5.12,  7
1500612432.1, 52.5438717, 13.3517267, 27.5, -0.000, 0.000, 0.000, 2.48, 3.35, 5.12,  9
1500612433.1, 52.5438600, 13.3517383, 27.4, -0.000, 0.000, -0.100, 2.48, 3.35, 5.12,  9
1500612434.1, 52.5438517, 13.3517517, 27.5, -0.000, 0.000, 0.100, 2.48, 3.35, 5.12,  9
1500612435.1, 52.5438450, 13.3517633, 27.5, -0.000, 0.000, 0.000, 2.48, 3.35, 5.12,  9
1500612436.1, 52.5438383, 13.3517767, 27.5, 0.000, 0.000, 0.000, 2.48, 3.35, 5.12,  7
1500612437.1, 52.5438300, 13.3517883, 27.5, -0.000, 0.000, 0.000, 2.48, 3.35, 5.12,  9
1500612438.1, 52.5438183, 13.3518000, 27.5, -0.000, 0.000, 0.000, 2.48, 3.35, 5.12,  9
1500612439.2, 52.5438067, 13.3518083, 27.5, -0.000, 0.000, 0.000, 2.48, 3.35, 5.12,  9
1500612440.2, 52.5437933, 13.3518150, 27.5, -0.000, 0.000, 0.000, 2.48, 3.35, 5.12,  9
1500612441.2, 52.5437817, 13.3518250, 27.4, 0.000, 0.000, -0.100, 2.48, 3.35, 5.12,  9
1500612442.2, 52.5437683, 13.3518400, 27.4, -0.000, 0.000, 0.000, 2.48, 3.35, 5.12,  9
1500612443.2, 52.5437567, 13.3518550, 27.3, -0.000, 0.000, -0.100, 2.48, 3.35, 5.12,  9
1500612444.2, 52.5437433, 13.3518683, 27.2, -0.000, 0.000, -0.100, 2.48, 3.35, 5.12,  9
1500612445.2, 52.5437317, 13.3518817, 27.2, -0.000, 0.000, 0.000, 2.48, 3.35, 5.12,  9
1500612446.2, 52.5437200, 13.3518950, 27.0, 0.000, 0.000, -0.200, 2.48, 3.35, 5.12,  9
1500612447.2, 52.5437117, 13.3519067, 26.9, -0.000, 0.000, -0.100, 2.48, 3.35, 5.12,  9
1500612448.2, 52.5437033, 13.3519183, 26.8, -0.000, 0.000, -0.100, 2.48, 3.35, 5.12,  9
1500612449.2, 52.5436967, 13.3519317, 26.7, -0.000, 0.000, -0.100, 2.48, 3.35, 5.12,  9
1500612450.2, 52.5436883, 13.3519467, 26.7, -0.000, 0.000, 0.000, 2.48, 3.35, 5.12,  9
1500612451.2, 52.5436767, 13.3519600, 26.7, 0.000, 0.000, 0.000, 2.48, 3.35, 5.12,  9
1500612452.2, 52.5436717, 13.3519750, 26.7, -0.000, 0.000, 0.000, 2.48, 3.35, 5.12,  9
1500612453.2, 52.5436650, 13.3519867, 26.7, -0.000, 0.000, 0.000, 2.48, 3.35, 5.12,  9
1500612454.2, 52.5436600, 13.3520000, 26.8, -0.000, 0.000, 0.100, 2.48, 3.35, 5.12,  9
1500612455.2, 52.5436550, 13.3520150, 26.8, -0.000, 0.000, 0.000, 2.48, 3.35, 5.12,  9
1500612456.2, 52.5436450, 13.3520267, 26.8, -0.000, 0.000, 0.000, 2.48, 3.35, 5.12,  9
1500612457.2, 52.5436350, 13.3520400, 26.8, -0.000, 0.000, 0.000, 2.48, 3.35, 5.12,  9
1500612458.2, 52.5436233, 13.3520533, 26.8, -0.000, 0.000, 0.000, 2.48, 3.35, 5.12,  9
1500612459.3, 52.5436117, 13.3520683, 26.9, -0.000, 0.000, 0.100, 2.48, 3.35, 5.12,  9
1500612460.3, 52.5436017, 13.3520850, 26.9, -0.000, 0.000, 0.000, 2.48, 3.35, 5.12,  9
1500612461.3, 52.5435950, 13.3521017, 26.9, 0.000, 0.000, 0.000, 2.48, 3.35, 5.12,  9
1500612462.3, 52.5435867, 13.3521167, 26.9, -0.000, 0.000, 0.000, 2.48, 3.35, 5.12,  9
1500612463.3, 52.5435767, 13.3521333, 26.9, -0.000, 0.000, 0.000, 2.48, 3.35, 5.12,  9
1500612464.3, 52.5435717, 13.3521500, 26.9, 0.000, 0.000, 0.000, 2.48, 3.35, 5.12,  9
1500612465.3, 52.5435750, 13.3521833, 26.7, 0.000, 0.000, -0.200, 2.48, 3.35, 5.12,  9
1500612466.3, 52.5435800, 13.3522183, 26.5, 0.000, 0.000, -0.200, 2.48, 3.35, 5.12,  9
1500612467.3, 52.5435733, 13.3522433, 26.3, -0.000, 0.000, -0.200, 2.48, 3.35, 11.10,  9
1500612468.3, 52.5435583, 13.3522650, 26.3, -0.000, 0.000, 0.000, 2.48, 3.35, 11.10,  9
1500612469.3, 52.5435367, 13.3522867, 26.3, -0.000, 0.000, 0.000, 2.48, 3.35, 5.12,  9
1500612470.3, 52.5435150, 13.3523050, 26.3, -0.000, 0.000, 0.000, 2.48, 3.35, 11.10,  9
1500612471.3, 52.5434933, 13.3523217, 26.4, -0.000, 0.000, 0.100, 2.48, 3.35, 11.10,  9
1500612472.3, 52.5434767, 13.3523383, 26.5, -0.000, 0.000, 0.100, 2.48, 3.35, 11.10,  9
1500612473.3, 52.5434633, 13.3523517, 26.4, -0.000, 0.000, -0.100, 2.48, 3.35, 11.15,  9
1500612474.3, 52.5434483, 13.3523633, 26.4, -0.000, 0.000, 0.000, 2.48, 3.35, 11.10,  9
1500612475.3, 52.5434350, 13.3523767, 26.4, -0.000, 0.000, 0.000, 2.48, 3.35, 5.12,  9
1500612476.3, 52.5434250, 13.3523900, 26.4, -0.000, 0.000, 0.000, 2.48, 3.35, 5.12,  9
1500612477.3, 52.5434150, 13.3524017, 26.4, -0.000, 0.000, 0.000, 2.48, 3.35, 5.12,  9
1500612478.3, 52.5434050, 13.3524133, 26.3, -0.000, 0.000, -0.100, 2.48, 3.35, 5.12,  9
1500612479.4, 52.5433983, 13.3524267, 26.3, -0.000, 0.000, 0.000, 2.48, 3.35, 5.12,  9
1500612480.4, 52.5433917, 13.3524483, 26.3, -0.000, 0.000, 0.000, 2.48, 3.35, 5.12,  9
1500612481.4, 52.5433900, 13.3524733, 26.3, -0.000, 0.000, 0.000, 2.48, 3.35, 5.12,  9
1500612482.4, 52.5433833, 13.3524950, 26.3, -0.000, 0.000, 0.000, 2.48, 3.35, 11.15,  9
1500612483.4, 52.5433783, 13.3525117, 26.3, -0.000, 0.000, 0.000, 2.48, 3.35, 5.12,  9
1500612484.4, 52.5433850, 13.3525150, 26.3, 0.000, 0.000, 0.000, 2.48, 3.35, 5.12,  9
1500612485.4, 52.5433867, 13.3525217, 26.3, 0.000, 0.000, 0.000, 2.48, 3.35, 5.12,  9
1500612486.4, 52.5433867, 13.3525383, 26.3, 0.000, 0.000, 0.000, 2.48, 3.35, 11.15,  9
1500612487.4, 52.5433883, 13.3525483, 26.1, -0.000, 0.000, -0.200, 2.48, 3.35, 5.12,  9
1500612488.4, 52.5433883, 13.3525683, 26.0, -0.000, 0.000, -0.100, 2.48, 3.35, 5.12,  9
1500612489.4, 52.5433883, 13.3525917, 25.8, 0.000, 0.000, -0.200, 2.48, 3.35, 5.12,  9
1500612490.4, 52.5433967, 13.3526100, 25.7, 0.000, 0.000, -0.100, 2.48, 3.35, 5.12,  9
1500612491.4, 52.5434017, 13.3526317, 25.4, 0.000, 0.000, -0.300, 2.48, 3.35, 5.12,  9
1500612492.4, 52.5434083, 13.3526533, 25.3, 0.000, 0.000, -0.100, 2.48, 3.35, 5.12,  9
1500612493.4, 52.5434200, 13.3526800, 25.2, 0.000, 0.000, -0.100, 2.48, 3.35, 5.12,  9
1500612494.4, 52.5434300, 13.3526900, 25.1, 0.000, 0.000, -0.100, 2.48, 3.35, 5.12,  9
1500612495.4, 52.5434383, 13.3527050, 25.0, 0.000, 0.000, -0.100, 2.48, 3.35, 11.15,  9
1500612496.4, 52.5434400, 13.3527250, 24.9, 0.000, 0.000, -0.100, 2.48, 3.35, 5.12,  9
1500612497.4, 52.5434433, 13.3527483, 24.8, 0.000, 0.000, -0.100, 2.48, 3.35, 5.12,  9
1500612498.5, 52.5434450, 13.3527633, 24.7, 0.000, 0.000, -0.100, 2.48, 3.35, 5.12,  9
1500612499.5, 52.5434533, 13.3527850, 24.6, 0.000, 0.000, -0.100, 2.48, 3.35, 5.12,  9
1500612500.5, 52.5434617, 13.3527983, 24.5, 0.000, 0.000, -0.100, 2.48, 3.35, 5.12,  9
1500612501.5, 52.5434650, 13.3528117, 24.3, 0.000, 0.000, -0.200, 2.48, 3.35, 5.12,  9
1500612502.5, 52.5434717, 13.3528300, 24.2, 0.000, 0.000, -0.100, 2.48, 3.35, 5.12,  9
1500612503.5, 52.5434750, 13.3528433, 24.1, 0.000, 0.000, -0.100, 2.48, 3.35, 5.12,  9
1500612504.5, 52.5434767, 13.3528683, 23.9, 0.000, 0.000, -0.200, 2.48, 3.35, 5.12,  9
1500612505.5, 52.5434817, 13.3528867, 23.8, 0.000, 0.000, -0.100, 2.48, 3.35, 5.12,  9
1500612506.5, 52.5434883, 13.3529050, 23.6, 0.000, 0.000, -0.200, 2.48, 3.35, 5.12,  9
1500612507.5, 52.5434917, 13.3529267, 23.4, 0.000, 0.000, -0.200, 2.48, 3.35, 5.12,  9
1500612508.5, 52.5434950, 13.3529500, 23.3, 0.000, 0.000, -0.100, 2.48, 3.35, 5.12,  9
1500612509.5, 52.5435017, 13.3529700, 23.2, 0.000, 0.000, -0.100, 2.48, 3.35, 5.12,  9
1500612510.5, 52.5435100, 13.3529867, 23.1, 0.000, 0.000, -0.100, 2.48, 3.35, 5.12,  9
1500612511.5, 52.5435150, 13.3530050, 23.0, 0.000, 0.000, -0.100, 2.48, 3.35, 5.12,  9
1500612512.5, 52.5435200, 13.3530267, 23.0, 0.000, 0.000, 0.000, 2.48, 3.35, 5.12,  9
1500612513.5, 52.5435233, 13.3530533, 22.9, 0.000, 0.000, -0.100, 2.48, 3.35, 5.12,  9
1500612514.5, 52.5435300, 13.3530750, 22.8, 0.000, 0.000, -0.100, 2.48, 3.35, 5.12,  9
1500612515.5, 52.5435350, 13.3530950, 22.8, 0.000, 0.000, 0.000, 2.48, 3.35, 5.12,  9
1500612516.5, 52.5435400, 13.3531150, 22.8, 0.000, 0.000, 0.000, 2.48, 3.35, 5.12,  9
1500612517.6, 52.5435483, 13.3531317, 22.7, 0.000, 0.000, -0.100, 2.48, 3.35, 5.12,  9
1500612518.6, 52.5435567, 13.3531467, 22.6, 0.000, 0.000, -0.100, 2.48, 3.35, 5.12,  9
1500612519.6, 52.5435667, 13.3531650, 22.5, 0.000, 0.000, -0.100, 2.48, 3.35, 5.12,  9
1500612520.6, 52.5435750, 13.3531817, 22.4, 0.000, 0.000, -0.100, 2.48, 3.35, 5.12,  9
1500612521.6, 52.5435833, 13.3532000, 22.4, 0.000, 0.000, 0.000, 2.48, 3.35, 5.12,  9
1500612522.6, 52.5435917, 13.3532183, 22.3, 0.000, 0.000, -0.100, 2.48, 3.35, 5.12,  9
1500612523.6, 52.5436000, 13.3532367, 22.2, 0.000, 0.000, -0.100, 2.48, 3.35, 5.12,  9
1500612524.6, 52.5436067, 13.3532550, 22.1, 0.000, 0.000, -0.100, 2.48, 3.35, 5.12,  9
1500612525.6, 52.5436100, 13.3532783, 22.0, 0.000, 0.000, -0.100, 2.48, 3.35, 5.12,  9
1500612526.6, 52.5436167, 13.3532950, 22.0, 0.000, 0.000, 0.000, 2.48, 3.35, 5.12,  9
1500612527.6, 52.5436233, 13.3533117, 21.9, 0.000, 0.000, -0.100, 2.48, 3.35, 5.12,  9
1500612528.6, 52.5436333, 13.3533283, 21.9, 0.000, 0.000, 0.000, 2.48, 3.35, 5.12,  9
1500612529.6, 52.5436433, 13.3533483, 21.8, 0.000, 0.000, -0.100, 2.48, 3.35, 5.12,  9
1500612530.6, 52.5436533, 13.3533717, 21.7, 0.000, 0.000, -0.100, 2.48, 3.35, 5.12,  9
1500612531.6, 52.5436633, 13.3533900, 21.7, 0.000, 0.000, 0.000, 2.48, 3.35, 5.12,  9
1500612532.6, 52.5436717, 13.3534067, 21.6, 0.000, 0.000, -0.100, 2.48, 3.35, 5.12,  9
1500612533.6, 52.5436767, 13.3534200, 21.5, 0.000, 0.000, -0.100, 2.48, 3.35, 5.12,  9
1500612534.6, 52.5436867, 13.3534317, 21.4, 0.000, 0.000, -0.100, 2.48, 3.35, 5.12,  9
1500612535.6, 52.5436950, 13.3534483, 21.3, 0.000, 0.000, -0.100, 2.48, 3.35, 5.12,  9
1500612536.6, 52.5437050, 13.3534700, 21.2, 0.000, 0.000, -0.100, 2.48, 3.35, 5.12,  9
1500612537.7, 52.5437150, 13.3534883, 21.1, 0.000, 0.000, -0.100, 2.48, 3.35, 5.12,  9
1500612538.7, 52.5437250, 13.3535033, 21.0, 0.000, 0.000, -0.100, 2.48, 3.35, 5.12,  9
1500612539.7, 52.5437383, 13.3535133, 21.0, 0.000, 0.000, 0.000, 2.48, 3.35, 5.12,  9
1500612540.7, 52.5437500, 13.3535233, 21.0, 0.000, 0.000, 0.000, 2.48, 3.35, 5.12,  9
1500612541.7, 52.5437583, 13.3535400, 20.9, 0.000, 0.000, -0.100, 2.48, 3.35, 5.12,  9
1500612542.7, 52.5437633, 13.3535617, 20.9, 0.000, 0.000, 0.000, 2.48, 3.35, 5.12,  9
1500612543.7, 52.5437717, 13.3535783, 20.9, 0.000, 0.000, 0.000, 2.48, 3.35, 5.12,  9
1500612544.7, 52.5437850, 13.3535850, 20.7, 0.000, 0.000, -0.200, 2.48, 3.35, 5.12,  9
1500612545.7, 52.5437967, 13.3535933, 20.6, 0.000, 0.000, -0.100, 2.48, 3.35, 5.12,  9
1500612546.7, 52.5438067, 13.3536083, 20.5, 0.000, 0.000, -0.100, 2.48, 3.35, 5.12,  9
1500612547.7, 52.5438133, 13.3536250, 20.5, 0.000, 0.000, 0.000, 2.48, 3.35, 5.12,  9
1500612548.7, 52.5438200, 13.3536417, 20.5, 0.000, 0.000, 0.000, 2.48, 3.35, 5.12,  9
1500612549.7, 52.5438283, 13.3536600, 20.5, 0.000, 0.000, 0.000, 2.48, 3.35, 5.12,  9
1500612550.7, 52.5438350, 13.3536767, 20.4, 0.000, 0.000, -0.100, 2.48, 3.35, 5.12,  9
1500612551.7, 52.5438367, 13.3536950, 20.5, 0.000, 0.000, 0.100, 2.48, 3.35, 5.12,  9
1500612552.7, 52.5438417, 13.3537133, 20.4, 0.000, 0.000, -0.100, 2.48, 3.35, 5.12,  9
1500612553.7, 52.5438450, 13.3537333, 20.4, 0.000, 0.000, 0.000, 2.48, 3.35, 5.12,  9
1500612554.7, 52.5438483, 13.3537567, 20.5, 0.000, 0.000, 0.100, 2.48, 3.35, 5.12,  9
1500612555.7, 52.5438533, 13.3537750, 20.5, 0.000, 0.000, 0.000, 2.48, 3.35, 5.12,  9
1500612556.7, 52.5438550, 13.3537900, 20.6, 0.000, 0.000, 0.100, 2.48, 3.35, 5.12,  9
1500612557.8, 52.5438517, 13.3538200, 20.6, 0.000, 0.000, 0.000, 2.48, 3.35, 5.12,  9
1500612558.8, 52.5438483, 13.3538483, 20.6, 0.000, 0.000, 0.000, 2.48, 3.35, 5.12,  9
1500612559.8, 52.5438533, 13.3538700, 20.6, 0.000, 0.000, 0.000, 2.48, 3.35, 5.12,  9
1500612560.8, 52.5438617, 13.3538950, 20.6, 0.000, 0.000, 0.000, 2.48, 3.35, 5.12,  9
1500612561.8, 52.5438733, 13.3539150, 20.6, 0.000, 0.000, 0.000, 2.48, 3.35, 5.12,  9
1500612562.8, 52.5438850, 13.3539350, 20.7, 0.000, 0.000, 0.100, 2.48, 3.35, 5.12,  9
1500612563.8, 52.5438917, 13.3539533, 20.7, 0.000, 0.000, 0.000, 2.48, 3.35, 5.12,  9
1500612564.8, 52.5439067, 13.3539917, 20.9, 0.000, 0.000, 0.100, 2.48, 3.35, 5.12,  9
1500612565.8, 52.5439067, 13.3539917, 20.9, 0.000, 0.000, 0.100, 2.48, 3.35, 5.12,  9
1500612566.8, 52.5439133, 13.3540100, 20.9, 0.000, 0.000, 0.000, 2.48, 3.35, 5.12,  9
1500612567.8, 52.5439200, 13.3540300, 21.0, 0.000, 0.000, 0.100, 2.48, 3.35, 5.12,  9
1500612568.8, 52.5439267, 13.3540500, 21.0, 0.000, 0.000, 0.000, 2.48, 3.35, 5.12,  9
1500612569.8, 52.5439383, 13.3540983, 21.4, 0.000, 0.000, 0.200, 2.48, 3.35, 5.12,  9
1500612570.8, 52.5439383, 13.3540983, 21.4, 0.000, 0.000, 0.200, 2.48, 3.35, 5.12,  9
1500612571.8, 52.5439467, 13.3541150, 21.5, 0.000, 0.000, 0.100, 2.48, 3.35, 5.12,  9
1500612572.8, 52.5439567, 13.3541300, 21.6, 0.000, 0.000, 0.100, 2.48, 3.35, 5.12,  9
1500612573.8, 52.5439733, 13.3541650, 21.8, 0.000, 0.000, 0.100, 2.48, 3.35, 5.12,  9
1500612574.8, 52.5439783, 13.3541850, 21.9, 0.000, 0.000, 0.100, 2.48, 3.35, 5.12,  9
1500612575.8, 52.5439783, 13.3541850, 21.9, 0.000, 0.000, 0.100, 2.48, 3.35, 5.12,  9
1500612576.9, 52.5439883, 13.3542283, 21.9, 0.000, 0.000, 0.000, 2.48, 3.35, 5.12,  9
1500612577.9, 52.5439967, 13.3542500, 22.0, 0.000, 0.000, 0.100, 2.48, 3.35, 5.12,  9
1500612578.9, 52.5440050, 13.3542667, 22.0, 0.000, 0.000, 0.000, 2.48, 3.35, 5.12,  9
1500612579.9, 52.5440100, 13.3542867, 22.1, 0.000, 0.000, 0.100, 2.48, 3.35, 5.12,  9
1500612580.9, 52.5440117, 13.3543067, 22.1, 0.000, 0.000, 0.000, 2.48, 3.35, 5.12,  9
1500612581.9, 52.5440150, 13.3543233, 22.2, 0.000, 0.000, 0.100, 2.48, 3.35, 5.12,  9
1500612582.9, 52.5440217, 13.3543417, 22.2, 0.000, 0.000, 0.000, 2.48, 3.35, 5.12,  9
1500612583.9, 52.5440250, 13.3543600, 22.3, 0.000, 0.000, 0.100, 2.48, 3.35, 5.12,  9
1500612584.9, 52.5440300, 13.3543800, 22.4, 0.000, 0.000, 0.100, 2.48, 3.35, 5.12,  9
1500612585.9, 52.5440367, 13.3544017, 22.4, 0.000, 0.000, 0.000, 2.48, 3.35, 5.12,  9
1500612586.9, 52.5440450, 13.3544217, 22.5, 0.000, 0.000, 0.100, 2.48, 3.35, 5.12,  9
1500612587.9, 52.5440567, 13.3544433, 22.7, 0.000, 0.000, 0.200, 2.48, 3.35, 5.12,  9
1500612588.9, 52.5440667, 13.3544650, 22.8, 0.000, 0.000, 0.100, 2.48, 3.35, 5.12,  9
1500612589.9, 52.5440750, 13.3544817, 22.9, 0.000, 0.000, 0.100, 2.48, 3.35, 5.12,  9
1500612590.9, 52.5440817, 13.3544983, 23.0, 0.000, 0.000, 0.100, 2.48, 3.35, 5.12,  9
1500612591.9, 52.5440900, 13.3545100, 23.1, 0.000, 0.000, 0.100, 2.48, 3.35, 5.12,  9
1500612592.9, 52.5440967, 13.3545183, 23.2, 0.000, 0.000, 0.100, 2.48, 3.35, 5.12,  9
1500612593.9, 52.5441067, 13.3545317, 23.3, 0.000, 0.000, 0.100, 2.48, 3.35, 5.12,  9
1500612595.0, 52.5441150, 13.3545433, 23.4, 0.000, 0.000, 0.100, 2.48, 3.35, 5.12,  9
1500612596.0, 52.5441267, 13.3545550, 23.4, 0.000, 0.000, 0.000, 2.48, 3.35, 5.12,  4
1500612597.0, 52.5441367, 13.3545650, 23.5, 0.000, 0.000, 0.100, 2.48, 3.35, 5.12,  9
1500612598.0, 52.5441433, 13.3545683, 23.5, 0.000, -0.000, 0.000, 2.48, 3.35, 5.12,  9
1500612599.0, 52.5441450, 13.3545600, 23.5, 0.000, 0.000, 0.000, 2.48, 3.35, 5.12,  9
1500612600.0, 52.5441500, 13.3545567, 23.6, 0.000, -0.000, 0.100, 2.48, 3.35, 11.15,  9
1500612601.0, 52.5441517, 13.3545650, 23.6, 0.000, 0.000, 0.000, 2.48, 3.35, 5.12,  4
1500612602.0, 52.5441650, 13.3545783, 23.7, 0.000, 0.000, 0.100, 2.48, 3.35, 5.12,  9
1500612603.0, 52.5441733, 13.3545983, 23.8, 0.000, 0.000, 0.100, 2.48, 3.35, 11.15,  9
1500612604.0, 52.5441833, 13.3546217, 23.9, 0.000, 0.000, 0.100, 2.48, 3.35, 5.12,  9
1500612605.0, 52.5441883, 13.3546433, 23.9, 0.000, 0.000, 0.000, 2.48, 3.35, 5.12,  9
1500612606.0, 52.5441983, 13.3546650, 24.0, 0.000, 0.000, 0.100, 2.48, 3.35, 5.12,  4
1500612607.0, 52.5442100, 13.3546850, 23.9, 0.000, 0.000, -0.100, 2.48, 3.35, 5.12,  9
1500612608.0, 52.5442217, 13.3546983, 23.9, 0.000, 0.000, 0.000, 2.48, 3.35, 5.12,  9
1500612609.0, 52.5442300, 13.3547217, 23.9, 0.000, 0.000, 0.000, 2.48, 3.35, 5.12,  9
1500612610.0, 52.5442417, 13.3547350, 23.9, 0.000, 0.000, 0.000, 2.48, 3.35, 5.12,  9
1500612611.0, 52.5442517, 13.3547583, 23.8, 0.000, 0.000, -0.100, 2.48, 3.35, 5.12,  4
1500612612.0, 52.5442650, 13.3547783, 23.7, 0.000, 0.000, -0.100, 2.48, 3.35, 5.06, 10
1500612613.0, 52.5442750, 13.3548033, 23.6, 0.000, 0.000, -0.100, 2.48, 3.35, 5.06, 10
1500612614.1, 52.5442850, 13.3548267, 23.4, 0.000, 0.000, -0.200, 2.48, 3.35, 5.06, 10
1500612615.1, 52.5442933, 13.3548417, 23.4, 0.000, 0.000, 0.000, 2.48, 3.35, 5.06, 10
1500612616.1, 52.5443033, 13.3548683, 23.3, 0.000, 0.000, -0.100, 2.48, 3.35, 5.06, 10
1500612617.1, 52.5443150, 13.3548900, 23.2, 0.000, 0.000, -0.100, 2.48, 3.35, 5.06, 10
1500612618.1, 52.5443217, 13.3549100, 23.3, 0.000, 0.000, 0.100, 2.48, 3.35, 5.06, 10
1500612619.1, 52.5443300, 13.3549300, 23.4, 0.000, 0.000, 0.100, 2.48, 3.35, 5.06, 10
1500612620.1, 52.5443383, 13.3549483, 23.5, 0.000, 0.000, 0.100, 2.48, 3.35, 5.06, 10
1500612621.1, 52.5443450, 13.3549700, 23.6, 0.000, 0.000, 0.100, 2.48, 3.35, 5.06, 10
1500612622.1, 52.5443517, 13.3549917, 23.7, 0.000, 0.000, 0.100, 2.48, 3.35, 5.06, 10
1500612623.1, 52.5443600, 13.3550083, 23.8, 0.000, 0.000, 0.100, 2.48, 3.35, 5.06, 10
1500612624.1, 52.5443683, 13.3550333, 23.9, 0.000, 0.000, 0.100, 2.48, 3.35, 5.06, 10
1500612625.1, 52.5443750, 13.3550583, 24.1, 0.000, 0.000, 0.200, 2.48, 3.35, 5.06, 10
1500612626.1, 52.5443783, 13.3550817, 24.1, 0.000, 0.000, 0.000, 2.48, 3.35, 10.93, 10
1500612627.1, 52.5443850, 13.3551050, 24.2, 0.000, 0.000, 0.100, 2.48, 3.35, 5.06, 10
1500612628.1, 52.5443900, 13.3551267, 24.1, 0.000, 0.000, -0.100, 2.48, 3.35, 5.06, 10
1500612629.1, 52.5443967, 13.3551483, 24.2, 0.000, 0.000, 0.100, 2.48, 3.35, 5.06, 10
1500612630.1, 52.5444033, 13.3551667, 24.2, 0.000, 0.000, 0.000, 2.48, 3.35, 5.06, 10
1500612631.1, 52.5444117, 13.3551850, 24.2, 0.000, 0.000, 0.000, 2.48, 3.35, 5.06, 10
1500612632.1, 52.5444150, 13.3552083, 24.2, 0.000, 0.000, 0.000, 2.48, 3.35, 5.06, 10
1500612633.1, 52.5444233, 13.3552300, 24.3, 0.000, 0.000, 0.100, 2.48, 3.35, 5.06, 10
1500612634.1, 52.5444333, 13.3552483, 24.3, 0.000, 0.000, 0.000, 2.48, 3.35, 5.06, 10
1500612635.2, 52.5444433, 13.3552600, 24.3, 0.000, 0.000, 0.000, 2.48, 3.35, 5.06, 10
1500612636.2, 52.5444517, 13.3552767, 24.3, 0.000, 0.000, 0.000, 2.48, 3.35, 10.93,  8
1500612637.2, 52.5444617, 13.3552983, 24.3, 0.000, 0.000, 0.000, 2.48, 3.35, 5.06, 10
1500612638.2, 52.5444683, 13.3553183, 24.3, 0.000, 0.000, 0.000, 2.48, 3.35, 5.06, 10
1500612639.2, 52.5444767, 13.3553417, 24.3, 0.000, 0.000, 0.000, 2.48, 3.35, 5.06, 10
1500612640.2, 52.5444867, 13.3553583, 24.4, 0.000, 0.000, 0.100, 2.48, 3.35, 5.12, 10
1500612641.2, 52.5444950, 13.3553750, 24.4, 0.000, 0.000, 0.000, 2.48, 3.35, 5.06, 10
1500612642.2, 52.5445050, 13.3553933, 24.5, 0.000, 0.000, 0.100, 2.48, 3.35, 5.06, 10
1500612643.2, 52.5445150, 13.3554117, 24.6, 0.000, 0.000, 0.100, 2.48, 3.35, 5.06, 10
1500612644.2, 52.5445233, 13.3554300, 24.7, 0.000, 0.000, 0.100, 2.48, 3.35, 5.06, 10
1500612645.2, 52.5445317, 13.3554483, 24.7, 0.000, 0.000, 0.000, 2.48, 3.35, 5.06, 10
1500612646.2, 52.5445400, 13.3554667, 24.7, 0.000, 0.000, 0.000, 2.48, 3.35, 5.12, 10
1500612647.2, 52.5445450, 13.3554850, 24.8, 0.000, 0.000, 0.100, 2.48, 3.35, 5.12, 10
1500612648.2, 52.5445517, 13.3554983, 24.8, 0.000, 0.000, 0.000, 2.48, 3.35, 5.12, 10
1500612649.2, 52.5445617, 13.3555100, 24.8, 0.000, 0.000, 0.000, 2.48, 3.35, 5.12, 10
1500612650.2, 52.5445733, 13.3555217, 25.0, 0.000, 0.000, 0.200, 2.48, 3.35, 5.12, 10
1500612651.2, 52.5445800, 13.3555367, 25.2, 0.000, 0.000, 0.200, 2.48, 3.35, 5.12, 10
1500612652.2, 52.5445867, 13.3555533, 25.2, 0.000, 0.000, 0.000, 2.48, 3.35, 5.12, 10
1500612653.3, 52.5445950, 13.3555717, 25.3, 0.000, 0.000, 0.100, 2.48, 3.35, 5.12, 10
1500612654.3, 52.5446033, 13.3555900, 25.4, 0.000, 0.000, 0.100, 2.48, 3.35, 5.12, 10
1500612655.3, 52.5446083, 13.3556067, 25.5, 0.000, 0.000, 0.100, 2.48, 3.35, 5.12, 10
1500612656.3, 52.5446150, 13.3556250, 25.5, 0.000, 0.000, 0.000, 2.48, 3.35, 5.12, 10
1500612657.3, 52.5446217, 13.3556433, 25.6, 0.000, 0.000, 0.100, 2.48, 3.35, 5.12, 10
1500612658.3, 52.5446283, 13.3556617, 25.7, 0.000, 0.000, 0.100, 2.48, 3.35, 5.12, 10
1500612659.3, 52.5446367, 13.3556817, 25.7, 0.000, 0.000, 0.000, 2.48, 3.35, 5.12, 10
1500612660.3, 52.5446417, 13.3556967, 25.7, 0.000, 0.000, 0.000, 2.48, 3.35, 5.12, 10
1500612661.3, 52.5446517, 13.3557133, 25.8, 0.000, 0.000, 0.100, 2.48, 3.35, 5.12, 10
1500612662.3, 52.5446600, 13.3557317, 25.8, 0.000, 0.000, 0.000, 2.48, 3.35, 5.12, 10
1500612663.3, 52.5446683, 13.3557483, 25.9, 0.000, 0.000, 0.100, 2.48, 3.35, 5.12, 10
1500612664.3, 52.5446750, 13.3557700, 26.0, 0.000, 0.000, 0.100, 2.48, 3.35, 5.12, 10
1500612665.3, 52.5446833, 13.3557883, 26.1, 0.000, 0.000, 0.100, 2.48, 3.35, 5.12, 10
1500612666.3, 52.5446967, 13.3558033, 26.2, 0.000, 0.000, 0.100, 2.48, 3.35, 5.12, 10
1500612667.3, 52.5447100, 13.3558183, 26.3, 0.000, 0.000, 0.100, 2.48, 3.35, 5.12, 10
1500612668.3, 52.5447183, 13.3558350, 26.5, 0.000, 0.000, 0.200, 2.48, 3.35, 5.12, 10
1500612669.3, 52.5447300, 13.3558533, 26.6, 0.000, 0.000, 0.100, 2.48, 3.35, 5.12, 10
1500612670.3, 52.5447383, 13.3558733, 26.7, 0.000, 0.000, 0.100, 2.48, 3.35, 5.12, 10
1500612671.3, 52.5447433, 13.3558983, 26.8, 0.000, 0.000, 0.100, 2.48, 3.35, 5.12, 10
1500612672.4, 52.5447517, 13.3559150, 27.0, 0.000, 0.000, 0.200, 2.48, 3.35, 5.12, 10
1500612673.4, 52.5447583, 13.3559317, 27.1, 0.000, 0.000, 0.100, 2.48, 3.35, 5.12, 10
1500612674.4, 52.5447633, 13.3559500, 27.3, 0.000, 0.000, 0.200, 2.48, 3.35, 5.12, 10
1500612675.4, 52.5447717, 13.3559667, 27.4, 0.000, 0.000, 0.100, 2.48, 3.35, 5.12, 10
1500612676.4, 52.5447750, 13.3559850, 27.5, 0.000, 0.000, 0.100, 2.48, 3.35, 5.12, 10
1500612677.4, 52.5447833, 13.3560067, 27.7, 0.000, 0.000, 0.200, 2.48, 3.35, 5.12, 10
1500612678.4, 52.5447900, 13.3560283, 27.7, 0.000, 0.000, 0.000, 2.48, 3.35, 5.12, 10
1500612679.4, 52.5447983, 13.3560550, 27.8, 0.000, 0.000, 0.100, 2.48, 3.35, 5.12, 10
1500612680.4, 52.5448083, 13.3560733, 27.8, 0.000, 0.000, 0.000, 2.48, 3.35, 5.12, 10
1500612681.4, 52.5448200, 13.3560917, 27.9, 0.000, 0.000, 0.100, 2.48, 3.35, 5.12, 10
1500612682.4, 52.5448300, 13.3561083, 28.0, 0.000, 0.000, 0.100, 2.48, 3.35, 5.12, 10
1500612683.4, 52.5448433, 13.3561200, 28.0, 0.000, 0.000, 0.000, 2.48, 3.35, 5.12, 10
1500612684.4, 52.5448500, 13.3561333, 27.9, 0.000, 0.000, -0.100, 2.48, 3.35, 5.12, 10
1500612685.4, 52.5448583, 13.3561500, 27.8, 0.000, 0.000, -0.100, 2.48, 3.35, 5.12, 10
1500612686.4, 52.5448650, 13.3561633, 27.8, 0.000, 0.000, 0.000, 2.48, 3.35, 5.12, 10
1500612687.4, 52.5448767, 13.3561783, 27.8, 0.000, 0.000, 0.000, 2.48, 3.35, 5.12, 10
1500612688.4, 52.5448900, 13.3561933, 27.8, 0.000, 0.000, 0.000, 2.48, 3.35, 5.12, 10
1500612689.4, 52.5449017, 13.3562083, 27.7, 0.000, 0.000, -0.100, 2.48, 3.35, 5.12, 10
1500612690.5, 52.5449150, 13.3562217, 27.8, 0.000, 0.000, 0.100, 2.48, 3.35, 5.12, 10
1500612691.5, 52.5449267, 13.3562350, 27.9, 0.000, 0.000, 0.100, 2.48, 3.35, 5.12, 10
1500612692.5, 52.5449383, 13.3562483, 27.9, 0.000, 0.000, 0.000, 2.48, 3.35, 5.12, 10
1500612693.5, 52.5449500, 13.3562633, 27.9, 0.000, 0.000, 0.000, 2.48, 3.35, 5.12, 10
1500612694.5, 52.5449633, 13.3562783, 27.9, 0.000, 0.000, 0.000, 2.48, 3.35, 5.12, 10
1500612695.5, 52.5449717, 13.3562950, 27.8, 0.000, 0.000, -0.100, 2.48, 3.35, 5.12, 10
1500612696.5, 52.5449800, 13.3563083, 27.9, 0.000, 0.000, 0.100, 2.48, 3.35, 5.12, 10
1500612697.5, 52.5449883, 13.3563183, 27.9, 0.000, 0.000, 0.000, 2.48, 3.35, 5.12, 10
1500612698.5, 52.5449950, 13.3563300, 27.9, 0.000, 0.000, 0.000, 2.48, 3.35, 5.12, 10
1500612699.5, 52.5450033, 13.3563450, 28.0, 0.000, 0.000, 0.100, 2.48, 3.35, 5.12, 10
1500612700.5, 52.5450100, 13.3563533, 28.0, 0.000, 0.000, 0.000, 2.48, 3.35, 5.12, 10
1500612701.5, 52.5450200, 13.3563683, 28.0, 0.000, 0.000, 0.000, 2.48, 3.35, 5.12, 10
1500612702.5, 52.5450350, 13.3563850, 27.9, 0.000, 0.000, -0.100, 2.48, 3.35, 5.12, 10
1500612703.5, 52.5450450, 13.3564017, 28.0, 0.000, 0.000, 0.100, 2.48, 3.35, 5.12, 10
1500612704.5, 52.5450500, 13.3564333, 28.2, 0.000, 0.000, 0.200, 2.48, 3.35, 5.12, 10
1500612705.5, 52.5450583, 13.3564450, 28.2, 0.000, 0.000, 0.000, 2.48, 3.35, 5.12, 10
1500612706.5, 52.5450650, 13.3564650, 28.3, 0.000, 0.000, 0.100, 2.48, 3.35, 5.12, 10
1500612707.5, 52.5450717, 13.3564800, 28.3, 0.000, 0.000, 0.000, 2.48, 3.35, 5.12, 10
1500612708.5, 52.5450783, 13.3565000, 28.4, 0.000, 0.000, 0.100, 2.48, 3.35, 5.12, 10
1500612709.5, 52.5450850, 13.3565183, 28.4, 0.000, 0.000, 0.000, 2.48, 3.35, 5.12, 10
1500612710.6, 52.5450883, 13.3565333, 28.4, 0.000, 0.000, 0.000, 2.48, 3.35, 5.12, 10
1500612711.6, 52.5450933, 13.3565450, 28.4, 0.000, 0.000, 0.000, 2.48, 3.35, 5.12, 10
1500612712.6, 52.5451017, 13.3565600, 28.5, 0.000, 0.000, 0.100, 2.48, 3.35, 5.12, 10
1500612713.6, 52.5451083, 13.3565750, 28.6, 0.000, 0.000, 0.100, 2.48, 3.35, 5.12, 10
1500612714.6, 52.5451133, 13.3565917, 28.6, 0.000, 0.000, 0.000, 2.48, 3.35, 5.12, 10
1500612715.6, 52.5451217, 13.3566100, 28.6, 0.000, 0.000, 0.000, 2.48, 3.35, 5.12, 10
1500612716.6, 52.5451317, 13.3566283, 28.6, 0.000, 0.000, 0.000, 2.48, 3.35, 5.12, 10
1500612717.6, 52.5451400, 13.3566467, 28.5, 0.000, 0.000, -0.100, 2.48, 3.35, 5.12, 10
1500612718.6, 52.5451467, 13.3566733, 28.4, 0.000, 0.000, -0.100, 2.48, 3.35, 5.12, 10
1500612719.6, 52.5451550, 13.3566967, 28.3, 0.000, 0.000, -0.100, 2.48, 3.35, 5.12, 10
1500612720.6, 52.5451633, 13.3567167, 28.3, 0.000, 0.000, 0.000, 2.48, 3.35, 5.12, 10
1500612721.6, 52.5451717, 13.3567350, 28.3, 0.000, 0.000, 0.000, 2.48, 3.35, 5.12, 10
1500612722.6, 52.5451783, 13.3567633, 28.3, 0.000, 0.000, 0.000, 2.48, 3.35, 5.12, 10
1500612723.6, 52.5451850, 13.3567900, 28.4, 0.000, 0.000, 0.100, 2.48, 3.35, 5.12, 10
1500612724.6, 52.5451917, 13.3568000, 28.4, 0.000, 0.000, 0.000, 2.48, 3.35, 5.12, 10
1500612725.6, 52.5451983, 13.3568117, 28.4, 0.000, 0.000, 0.000, 2.48, 3.35, 5.12, 10
1500612726.6, 52.5452083, 13.3568267, 28.4, 0.000, 0.000, 0.000, 2.48, 3.35, 5.12, 10
1500612727.6, 52.5452150, 13.3568383, 28.3, 0.000, 0.000, -0.100, 2.48, 3.35, 5.12, 10
1500612728.6, 52.5452283, 13.3568367, 28.2, 0.000, 0.000, -0.100, 2.48, 3.35, 5.12, 10
1500612729.6, 52.5452383, 13.3568333, 28.2, 0.000, -0.000, 0.000, 2.48, 3.35, 5.12, 10
1500612730.7, 52.5452467, 13.3568267, 28.1, 0.000, -0.000, -0.100, 2.48, 3.35, 10.98, 10
1500612731.7, 52.5452533, 13.3568133, 28.2, 0.000, -0.000, 0.100, 2.48, 3.35, 10.98, 10
1500612732.7, 52.5452633, 13.3567933, 28.3, 0.000, -0.000, 0.100, 2.48, 3.35, 5.12, 10
1500612733.7, 52.5452733, 13.3567717, 28.3, 0.000, -0.000, 0.000, 2.48, 3.35, 5.12, 10
1500612734.7, 52.5452850, 13.3567550, 28.3, 0.000, -0.000, 0.000, 2.48, 3.35, 5.12, 10
1500612735.7, 52.5452933, 13.3567400, 28.2, 0.000, -0.000, -0.100, 2.48, 3.35, 5.12, 10
1500612736.7, 52.5452933, 13.3567067, 28.2, 0.000, -0.000, 0.000, 2.48, 3.35, 5.12, 10
1500612737.7, 52.5453000, 13.3566883, 28.2, 0.000, -0.000, 0.000, 2.48, 3.35, 5.12, 10
1500612738.7, 52.5453100, 13.3566717, 28.2, 0.000, -0.000, 0.000, 2.48, 3.35, 5.12, 10
1500612739.7, 52.5453217, 13.3566550, 28.2, 0.000, -0.000, 0.000, 2.48, 3.35, 5.12, 10
1500612740.7, 52.5453300, 13.3566317, 28.2, 0.000, -0.000, 0.000, 2.48, 3.35, 5.12, 10
1500612741.7, 52.5453467, 13.3566150, 28.1, 0.000, -0.000, -0.100, 2.48, 3.35, 5.12, 10
1500612742.7, 52.5453633, 13.3566117, 28.1, 0.000, 0.000, 0.000, 2.48, 3.35, 5.12, 10
1500612743.7, 52.5453733, 13.3566050, 28.1, 0.000, -0.000, 0.000, 2.48, 3.35, 5.12, 10
1500612744.7, 52.5453867, 13.3565900, 27.9, 0.000, -0.000, -0.200, 2.48, 3.35, 5.12, 10
1500612745.7, 52.5453967, 13.3565733, 27.7, 0.000, -0.000, -0.200, 2.48, 3.35, 5.12, 10
1500612746.7, 52.5454083, 13.3565583, 27.6, 0.000, -0.000, -0.100, 2.48, 3.35, 5.12,  9
1500612747.7, 52.5454167, 13.3565383, 27.4, 0.000, -0.000, -0.200, 2.48, 3.35, 5.29,  9
1500612748.7, 52.5454283, 13.3565250, 27.3, 0.000, -0.000, -0.100, 2.48, 3.35, 5.29,  9
1500612749.7, 52.5454383, 13.3565067, 27.2, 0.000, -0.000, -0.100, 2.48, 3.35, 5.29,  9
1500612750.8, 52.5454467, 13.3564883, 27.1, 0.000, -0.000, -0.100, 2.48, 3.35, 5.29,  9
1500612751.8, 52.5454533, 13.3564700, 26.9, 0.000, -0.000, -0.200, 2.48, 3.35, 5.29,  9
1500612752.8, 52.5454617, 13.3564550, 26.8, 0.000, -0.000, -0.100, 2.48, 3.35, 5.29,  9
1500612753.8, 52.5454683, 13.3564383, 26.7, 0.000, -0.000, -0.100, 2.48, 3.35, 5.29,  9
1500612754.8, 52.5454733, 13.3564217, 26.5, 0.000, -0.000, -0.200, 2.48, 3.35, 5.29,  9
1500612755.8, 52.5454850, 13.3564117, 26.3, 0.000, -0.000, -0.200, 2.48, 3.35, 5.29,  9
1500612756.8, 52.5455033, 13.3564117, 26.1, 0.000, -0.000, -0.200, 2.48, 3.35, 5.29,  9
1500612757.8, 52.5455100, 13.3563967, 25.8, 0.000, -0.000, -0.300, 2.48, 3.35, 5.29,  9
1500612758.8, 52.5455167, 13.3563783, 25.5, 0.000, -0.000, -0.300, 2.48, 3.35, 13.17,  9
1500612759.8, 52.5455283, 13.3563650, 25.2, 0.000, -0.000, -0.300, 2.48, 3.35, 5.29,  9
1500612760.8, 52.5455417, 13.3563517, 25.0, 0.000, -0.000, -0.200, 2.48, 3.35, 5.29,  9
1500612761.8, 52.5455517, 13.3563350, 24.8, 0.000, -0.000, -0.200, 2.48, 3.35, 5.29,  9
1500612762.8, 52.5455650, 13.3563183, 24.7, 0.000, -0.000, -0.100, 2.48, 3.35, 5.29,  9
1500612763.8, 52.5455767, 13.3563050, 24.6, 0.000, -0.000, -0.100, 2.48, 3.35, 5.29,  9
1500612764.8, 52.5455883, 13.3562900, 24.5, 0.000, -0.000, -0.100, 2.48, 3.35, 5.29,  9
1500612765.8, 52.5456017, 13.3562767, 24.5, 0.000, -0.000, 0.000, 2.48, 3.35, 5.29, 10
1500612766.8, 52.5456117, 13.3562583, 24.4, 0.000, -0.000, -0.100, 2.48, 3.35, 5.12, 10
1500612767.8, 52.5456350, 13.3562300, 24.5, 0.000, 0.000, 0.100, 2.48, 3.35, 5.12, 10
1500612768.8, 52.5456350, 13.3562300, 24.5, 0.000, -0.000, 0.100, 2.48, 3.35, 5.12, 10
1500612769.9, 52.5456533, 13.3562017, 24.5, 0.000, 0.000, 0.000, 2.48, 3.35, 5.12, 10
1500612770.9, 52.5456533, 13.3562017, 24.5, 0.000, -0.000, 0.000, 2.48, 3.35, 5.12, 10
1500612771.9, 52.5456717, 13.3561683, 24.5, 0.000, 0.000, 0.000, 2.48, 3.35, 5.12, 10
1500612772.9, 52.5456800, 13.3561533, 24.4, 0.000, 0.000, -0.100, 2.48, 3.35, 5.12, 10
1500612773.9, 52.5456900, 13.3561367, 24.3, 0.000, 0.000, -0.100, 2.48, 3.35, 5.12, 10
1500612774.9, 52.5456967, 13.3561183, 24.2, 0.000, 0.000, -0.100, 2.48, 3.35, 5.12, 10
1500612775.9, 52.5457050, 13.3561017, 24.2, 0.000, 0.000, 0.000, 2.48, 3.35, 5.12, 10
1500612776.9, 52.5457133, 13.3560833, 24.0, 0.000, 0.000, -0.200, 2.48, 3.35, 5.12, 10
1500612777.9, 52.5457267, 13.3560683, 23.8, 0.000, 0.000, -0.200, 2.48, 3.35, 5.12, 10
1500612778.9, 52.5457367, 13.3560550, 23.7, 0.000, 0.000, -0.100, 2.48, 3.35, 5.12, 10
1500612779.9, 52.5457483, 13.3560433, 23.5, 0.000, 0.000, -0.200, 2.48, 3.35, 5.12, 10
1500612780.9, 52.5457550, 13.3560300, 23.4, 0.000, 0.000, -0.100, 2.48, 3.35, 5.12, 10
1500612781.9, 52.5457633, 13.3560133, 23.3, 0.000, 0.000, -0.100, 2.48, 3.35, 5.12, 10
1500612782.9, 52.5457683, 13.3560000, 23.2, 0.000, 0.000, -0.100, 2.48, 3.35, 5.12, 10
1500612783.9, 52.5457750, 13.3559867, 23.0, 0.000, 0.000, -0.200, 2.48, 3.35, 5.12, 10
1500612784.9, 52.5457867, 13.3559750, 22.9, 0.000, -0.000, -0.100, 2.48, 3.35, 5.12, 10
1500612785.9, 52.5457950, 13.3559617, 22.8, 0.000, 0.000, -0.100, 2.48, 3.35, 5.12, 10
1500612786.9, 52.5458033, 13.3559483, 22.7, 0.000, 0.000, -0.100, 2.48, 3.35, 5.12, 10
1500612787.9, 52.5458100, 13.3559367, 22.6, 0.000, -0.000, -0.100, 2.48, 3.35, 5.12, 10
1500612788.9, 52.5458200, 13.3559233, 22.5, 0.000, -0.000, -0.100, 2.48, 3.35, 5.12, 10
1500612789.9, 52.5458300, 13.3559083, 22.4, 0.000, -0.000, -0.100, 2.48, 3.35, 5.12, 10
1500612791.0, 52.5458517, 13.3558817, 22.3, 0.000, 0.000, -0.100, 2.48, 3.35, 5.12, 10
1500612792.0, 52.5458600, 13.3558533, 22.2, 0.000, 0.000, -0.100, 2.48, 3.35, 5.12, 10
1500612793.0, 52.5458700, 13.3558367, 22.1, 0.000, 0.000, -0.100, 2.48, 3.35, 5.12, 10
1500612794.0, 52.5458833, 13.3558250, 21.9, 0.000, -0.000, -0.200, 2.48, 3.35, 5.12, 10
1500612795.0, 52.5458950, 13.3558100, 21.7, 0.000, 0.000, -0.200, 2.48, 3.35, 5.12, 10
1500612796.0, 52.5459050, 13.3557967, 21.6, 0.000, 0.000, -0.100, 2.48, 3.35, 5.12, 10
1500612797.0, 52.5459117, 13.3557817, 21.5, 0.000, -0.000, -0.100, 2.48, 3.35, 5.12, 10
1500612798.0, 52.5459300, 13.3557633, 21.5, 0.000, 0.000, 0.000, 2.48, 3.35, 5.12, 10
1500612799.0, 52.5459417, 13.3557483, 21.4, 0.000, -0.000, -0.100, 2.48, 3.35, 5.12, 10
1500612800.0, 52.5459517, 13.3557317, 21.3, 0.000, -0.000, -0.100, 2.48, 3.35, 5.12, 10
1500612801.0, 52.5459600, 13.3557150, 21.2, 0.000, 0.000, -0.100, 2.48, 3.35, 5.12,  4
1500612802.0, 52.5459667, 13.3557033, 21.1, 0.000, -0.000, -0.100, 2.48, 3.35, 5.12, 10
1500612803.0, 52.5459717, 13.3556900, 21.0, 0.000, -0.000, -0.100, 2.48, 3.35, 5.12, 10
1500612804.0, 52.5459817, 13.3556767, 20.9, 0.000, -0.000, -0.100, 2.48, 3.35, 5.12, 10
1500612805.0, 52.5459900, 13.3556583, 20.7, 0.000, -0.000, -0.200, 2.48, 3.35, 5.12, 10
1500612806.0, 52.5459983, 13.3556383, 20.6, 0.000, 0.000, -0.100, 2.48, 3.35, 5.12,  4
1500612807.0, 52.5460100, 13.3556267, 20.5, 0.000, -0.000, -0.100, 2.48, 3.35, 5.12, 10
1500612808.0, 52.5460333, 13.3556033, 20.5, 0.000, -0.000, 0.000, 2.48, 3.35, 5.12, 10
1500612809.0, 52.5460467, 13.3555867, 20.4, 0.000, -0.000, -0.100, 2.48, 3.35, 10.98, 10
1500612810.0, 52.5460583, 13.3555717, 20.4, 0.000, -0.000, 0.000, 2.48, 3.35, 5.12, 10
1500612811.1, 52.5460667, 13.3555517, 20.4, 0.000, 0.000, 0.000, 2.48, 3.35, 5.12,  8
1500612812.1, 52.5460767, 13.3555333, 20.2, 0.000, -0.000, -0.200, 2.48, 3.35, 5.12, 10
1500612813.1, 52.5460883, 13.3555183, 20.2, 0.000, -0.000, 0.000, 2.48, 3.35, 5.12, 10
1500612814.1, 52.5460983, 13.3555033, 20.2, 0.000, -0.000, 0.000, 2.48, 3.35, 5.12, 10
1500612815.1, 52.5461083, 13.3554850, 20.2, 0.000, -0.000, 0.000, 2.48, 3.35, 5.12, 10
1500612816.1, 52.5461117, 13.3554717, 20.1, 0.000, 0.000, -0.100, 2.48, 3.35, 5.12,  4
1500612817.1, 52.5461183, 13.3554583, 20.1, 0.000, -0.000, 0.000, 2.48, 3.35, 5.12, 10
1500612818.1, 52.5461267, 13.3554433, 20.1, 0.000, -0.000, 0.000, 2.48, 3.35, 5.12, 10
1500612819.1, 52.5461417, 13.3554317, 20.1, 0.000, -0.000, 0.000, 2.48, 3.35, 5.12, 10
1500612820.1, 52.5461517, 13.3554150, 20.2, 0.000, -0.000, 0.100, 2.48, 3.35, 5.12, 10
1500612821.1, 52.5461633, 13.3554033, 20.1, 0.000, 0.000, -0.100, 2.48, 3.35, 10.98,  8
1500612822.1, 52.5461683, 13.3553933, 20.1, 0.000, -0.000, 0.000, 2.48, 3.35, 5.12, 10
1500612823.1, 52.5461767, 13.3553833, 19.9, 0.000, -0.000, -0.200, 2.48, 3.35, 5.12, 10
1500612824.1, 52.5461900, 13.3553700, 19.9, 0.000, -0.000, 0.000, 2.48, 3.35, 5.12, 10
1500612825.1, 52.5461983, 13.3553550, 19.9, 0.000, -0.000, 0.000, 2.48, 3.35, 5.12, 10
1500612826.1, 52.5462067, 13.3553417, 19.7, 0.000, 0.000, -0.200, 2.48, 3.35, 5.12,  8
1500612827.1, 52.5462117, 13.3553300, 19.6, 0.000, -0.000, -0.100, 2.48, 3.35, 5.12, 10
1500612828.1, 52.5462167, 13.3553200, 19.5, 0.000, -0.000, -0.100, 2.48, 3.35, 5.12, 10
1500612829.1, 52.5462133, 13.3553083, 19.3, -0.000, -0.000, -0.200, 2.48, 3.35, 5.12, 10
1500612830.1, 52.5462083, 13.3552967, 19.1, -0.000, -0.000, -0.200, 2.48, 3.35, 5.12, 10
1500612831.1, 52.5462033, 13.3552800, 19.0, 0.000, 0.000, -0.100, 2.48, 3.35, 5.12, 10
1500612832.1, 52.5462000, 13.3552650, 18.9, -0.000, -0.000, -0.100, 2.48, 3.35, 5.12, 10
1500612833.2, 52.5461967, 13.3552483, 18.7, -0.000, -0.000, -0.200, 2.48, 3.35, 5.12, 10
1500612834.2, 52.5461917, 13.3552367, 18.6, -0.000, -0.000, -0.100, 2.48, 3.35, 5.12,  9
1500612835.2, 52.5461917, 13.3552183, 18.4, -0.000, -0.000, -0.200, 2.48, 3.35, 5.29,  9
1500612836.2, 52.5461833, 13.3552050, 18.2, 0.000, 0.000, -0.200, 2.48, 3.35, 5.29,  9
1500612837.2, 52.5461800, 13.3551867, 18.1, -0.000, -0.000, -0.100, 2.48, 3.35, 5.29, 10
1500612838.2, 52.5461717, 13.3551717, 18.0, -0.000, -0.000, -0.100, 2.48, 3.35, 5.12, 10
1500612839.2, 52.5461633, 13.3551583, 17.8, -0.000, -0.000, -0.200, 2.48, 3.35, 5.12, 10
1500612840.2, 52.5461533, 13.3551467, 17.6, -0.000, -0.000, -0.200, 2.48, 3.35, 5.12, 10
1500612841.2, 52.5461433, 13.3551350, 17.4, 0.000, 0.000, -0.200, 2.48, 3.35, 5.12, 10
1500612842.2, 52.5461367, 13.3551217, 17.1, -0.000, -0.000, -0.300, 2.48, 3.35, 5.12,  9
1500612843.2, 52.5461233, 13.3551050, 16.9, -0.000, -0.000, -0.200, 2.48, 3.35, 5.29,  9
1500612844.2, 52.5461117, 13.3550867, 16.7, -0.000, -0.000, -0.200, 2.48, 3.35, 5.29, 10
1500612845.2, 52.5460983, 13.3550733, 16.6, -0.000, -0.000, -0.100, 2.48, 3.35, 5.12, 10
1500612846.2, 52.5460783, 13.3550600, 16.5, 0.000, 0.000, -0.100, 2.48, 3.35, 5.12, 10
1500612847.2, 52.5460583, 13.3550433, 16.3, -0.000, -0.000, -0.200, 2.48, 3.35, 5.12, 10
1500612848.2, 52.5460450, 13.3550250, 16.2, -0.000, -0.000, -0.100, 2.48, 3.35, 5.12, 10
1500612849.2, 52.5460300, 13.3550033, 16.1, -0.000, -0.000, -0.100, 2.48, 3.35, 5.12, 10
1500612850.2, 52.5460150, 13.3549817, 16.0, -0.000, -0.000, -0.100, 2.48, 3.35, 5.12, 10
1500612851.2, 52.5460067, 13.3549600, 15.8, -0.000, -0.000, -0.200, 2.48, 3.35, 5.12, 10
1500612852.2, 52.5459983, 13.3549400, 15.7, -0.000, -0.000, -0.100, 2.48, 3.35, 10.98, 10
1500612853.2, 52.5459917, 13.3549250, 15.6, -0.000, -0.000, -0.100, 2.48, 3.35, 5.12, 10
1500612854.3, 52.5459867, 13.3549083, 15.5, -0.000, -0.000, -0.100, 2.48, 3.35, 5.12, 10
1500612855.3, 52.5459750, 13.3548867, 15.8, -0.000, -0.000, 0.300, 2.48, 3.35, 5.12, 10
1500612856.3, 52.5459617, 13.3548633, 16.0, 0.000, 0.000, 0.200, 2.48, 3.35, 5.12, 10
1500612857.3, 52.5459517, 13.3548450, 16.2, -0.000, -0.000, 0.200, 2.48, 3.35, 5.12, 10
1500612858.3, 52.5459417, 13.3548250, 16.3, -0.000, -0.000, 0.100, 2.48, 3.35, 5.12, 10
1500612859.3, 52.5459300, 13.3548100, 16.3, -0.000, -0.000, 0.000, 2.48, 3.35, 5.12, 10
1500612860.3, 52.5459183, 13.3548033, 16.4, -0.000, -0.000, 0.100, 2.48, 3.35, 5.12, 10
1500612861.3, 52.5459067, 13.3548017, 16.4, -0.000, 0.000, 0.000, 2.48, 3.35, 5.12, 10
1500612862.3, 52.5458967, 13.3548050, 16.5, -0.000, 0.000, 0.100, 2.48, 3.35, 5.12, 10
1500612863.3, 52.5458833, 13.3548117, 16.7, -0.000, 0.000, 0.200, 2.48, 3.35, 5.12, 10
1500612864.3, 52.5458717, 13.3548167, 16.8, -0.000, -0.000, 0.100, 2.48, 3.35, 5.12, 10
1500612865.3, 52.5458650, 13.3548133, 16.8, -0.000, -0.000, 0.000, 2.48, 3.35, 5.12, 10
1500612866.3, 52.5458617, 13.3548083, 17.0, -0.000, -0.000, 0.200, 2.48, 3.35, 5.12, 10
1500612867.3, 52.5458600, 13.3548117, 17.2, -0.000, -0.000, 0.200, 2.48, 3.35, 5.12,  9
1500612868.3, 52.5458583, 13.3548117, 17.6, -0.000, -0.000, 0.400, 2.48, 3.35, 5.12,  9
1500612869.3, 52.5458583, 13.3548133, 17.9, -0.000, 0.000, 0.300, 2.48, 3.35, 5.12,  9
1500612870.3, 52.5458583, 13.3548117, 18.2, -0.000, 0.000, 0.300, 2.48, 3.35, 5.12,  9
1500612871.3, 52.5458583, 13.3548117, 18.4, -0.000, 0.000, 0.200, 2.48, 3.35, 5.12,  9
1500612872.3, 52.5458600, 13.3548083, 18.7, -0.000, 0.000, 0.300, 2.48, 3.35, 5.12,  9
1500612873.3, 52.5458583, 13.3548050, 18.8, -0.000, 0.000, 0.100, 2.48, 3.35, 5.12,  9
1500612874.3, 52.5458583, 13.3548033, 19.1, -0.000, 0.000, 0.300, 2.48, 3.35, 5.12,  9
1500612875.3, 52.5458567, 13.3548033, 19.1, -0.000, -0.000, 0.000, 2.48, 3.35, 5.12,  9
1500612876.4, 52.5458550, 13.3548033, 19.1, -0.000, -0.000, 0.000, 2.48, 3.35, 5.12,  9
1500612877.4, 52.5458550, 13.3548017, 19.1, -0.000, -0.000, 0.000, 2.48, 3.35, 5.12,  9
1500612878.4, 52.5458533, 13.3548000, 19.1, -0.000, -0.000, 0.000, 2.48, 3.35, 5.12,  9
1500612879.4, 52.5458533, 13.3548000, 19.1, -0.000, -0.000, 0.000, 2.48, 3.35, 5.12,  9
1500612880.4, 52.5458533, 13.3548000, 19.2, -0.000, -0.000, 0.100, 2.48, 3.35, 5.12,  9
1500612881.4, 52.5458517, 13.3548000, 19.2, -0.000, 0.000, 0.000, 2.48, 3.35, 5.12,  9
1500612882.4, 52.5458517, 13.3548000, 19.2, -0.000, 0.000, 0.000, 2.48, 3.35, 5.12,  9
1500612883.4, 52.5458500, 13.3548017, 19.2, -0.000, 0.000, 0.000, 2.48, 3.35, 5.12,  9
1500612884.4, 52.5458500, 13.3548033, 19.2, -0.000, 0.000, 0.000, 2.48, 3.35, 5.12,  9
1500612885.4, 52.5458483, 13.3548033, 19.2, -0.000, 0.000, 0.000, 2.48, 3.35, 5.12,  9
1500612886.4, 52.5458483, 13.3548033, 19.2, -0.000, 0.000, 0.000, 2.48, 3.35, 5.12,  9
1500612887.4, 52.5458467, 13.3548050, 19.2, -0.000, -0.000, 0.000, 2.48, 3.35, 5.12,  9
1500612888.4, 52.5458467, 13.3548050, 19.2, -0.000, -0.000, 0.000, 2.48, 3.35, 5.12,  9
1500612889.4, 52.5458450, 13.3548050, 19.2, -0.000, -0.000, 0.000, 2.48, 3.35, 5.12,  9
1500612890.4, 52.5458450, 13.3548050, 19.2, 0.000, -0.000, 0.000, 2.48, 3.35, 5.12,  9
1500612891.4, 52.5458450, 13.3548033, 19.2, 0.000, -0.000, 0.000, 2.48, 3.35, 5.12,  9
1500612892.4, 52.5458467, 13.3548017, 19.2, 0.000, -0.000, 0.000, 2.48, 3.35, 5.12,  9
1500612893.4, 52.5458467, 13.3548000, 19.2, -0.000, -0.000, 0.000, 2.48, 3.35, 5.12,  9
1500612894.4, 52.5458467, 13.3548000, 19.2, -0.000, -0.000, 0.000, 2.48, 3.35, 5.12,  9
1500612895.4, 52.5458467, 13.3547983, 19.2, -0.000, 0.000, 0.000, 2.48, 3.35, 5.12,  9
1500612896.4, 52.5458467, 13.3547983, 19.2, -0.000, -0.000, 0.000, 2.48, 3.35, 5.12,  9
1500612897.5, 52.5458483, 13.3547967, 19.3, -0.000, -0.000, 0.100, 2.48, 3.35, 5.12,  9
1500612898.5, 52.5458483, 13.3547967, 19.3, -0.000, -0.000, 0.000, 2.48, 3.35, 5.12,  9
1500612899.5, 52.5458483, 13.3547983, 19.4, -0.000, -0.000, 0.100, 2.48, 3.35, 5.12,  9
1500612900.5, 52.5458483, 13.3547983, 19.4, -0.000, -0.000, 0.000, 2.48, 3.35, 5.12,  9
1500612901.5, 52.5458483, 13.3547983, 19.4, 0.000, 0.000, 0.000, 2.48, 3.35, 5.12,  9
1500612902.5, 52.5458483, 13.3547983, 19.4, 0.000, 0.000, 0.000, 2.48, 3.35, 5.12,  9
1500612903.5, 52.5458483, 13.3547983, 19.4, 0.000, 0.000, 0.000, 2.48, 3.35, 5.12,  9
1500612904.5, 52.5458483, 13.3548017, 19.5, 0.000, 0.000, 0.100, 2.48, 3.35, 11.44,  9
1500612905.5, 52.5458500, 13.3548033, 19.7, 0.000, 0.000, 0.200, 2.48, 3.35, 5.12,  9
1500612906.5, 52.5458483, 13.3548033, 19.8, -0.000, -0.000, 0.100, 2.48, 3.35, 5.12,  9
1500612907.5, 52.5458467, 13.3548033, 19.9, -0.000, -0.000, 0.100, 2.48, 3.35, 5.12,  9
1500612908.5, 52.5458450, 13.3548000, 19.9, -0.000, -0.000, 0.000, 2.48, 3.35, 5.12,  9
1500612909.5, 52.5458433, 13.3548000, 19.9, -0.000, -0.000, 0.000, 2.48, 3.35, 5.12,  9
1500612910.5, 52.5458400, 13.3548000, 19.9, -0.000, -0.000, 0.000, 2.48, 3.35, 5.12,  9
1500612911.5, 52.5458417, 13.3548017, 20.0, -0.000, -0.000, 0.100, 2.48, 3.35, 5.12,  9
1500612912.5, 52.5458417, 13.3548033, 20.1, -0.000, -0.000, 0.100, 2.48, 3.35, 5.12,  9
1500612913.5, 52.5458400, 13.3548050, 20.2, -0.000, -0.000, 0.100, 2.48, 3.35, 5.12,  9
1500612914.5, 52.5458383, 13.3548083, 20.4, -0.000, -0.000, 0.200, 2.48, 3.35, 5.12,  9
1500612915.5, 52.5458383, 13.3548083, 20.4, 0.000, 0.000, 0.000, 2.48, 3.35, 5.12,  9
1500612916.5, 52.5458400, 13.3548083, 20.4, 0.000, 0.000, 0.000, 2.48, 3.35, 5.12,  9
1500612917.5, 52.5458400, 13.3548083, 20.4, -0.000, 0.000, 0.000, 2.48, 3.35, 11.44,  9
1500612918.6, 52.5458383, 13.3548083, 20.4, -0.000, -0.000, 0.000, 2.48, 3.35, 5.12,  9
1500612919.6, 52.5458383, 13.3548083, 20.4, -0.000, 0.000, 0.000, 2.48, 3.35, 5.12,  9
1500612920.6, 52.5458383, 13.3548083, 20.4, -0.000, 0.000, 0.000, 2.48, 3.35, 5.12,  9
1500612921.6, 52.5458367, 13.3548117, 20.5, -0.000, -0.000, 0.100, 2.48, 3.35, 5.12,  9
1500612922.6, 52.5458333, 13.3548133, 20.7, -0.000, -0.000, 0.200, 2.48, 3.35, 5.12,  9
1500612923.6, 52.5458333, 13.3548133, 20.8, -0.000, -0.000, 0.100, 2.48, 3.35, 5.12,  9
1500612924.6, 52.5458333, 13.3548133, 20.9, 0.000, -0.000, 0.100, 2.48, 3.35, 5.12,  9
1500612925.6, 52.5458317, 13.3548133, 21.0, -0.000, -0.000, 0.100, 2.48, 3.35, 5.12,  9
1500612926.6, 52.5458317, 13.3548133, 21.1, 0.000, -0.000, 0.100, 2.48, 3.35, 5.12,  9
1500612927.6, 52.5458300, 13.3548167, 21.2, 0.000, 0.000, 0.100, 2.48, 3.35, 5.12,  9
1500612928.6, 52.5458283, 13.3548167, 21.3, -0.000, 0.000, 0.100, 2.48, 3.35, 11.44,  9
1500612929.6, 52.5458267, 13.3548150, 21.4, -0.000, -0.000, 0.100, 2.48, 3.35, 5.12,  9
1500612930.6, 52.5458267, 13.3548133, 21.4, 0.000, -0.000, 0.000, 2.48, 3.35, 5.12,  9
1500612931.6, 52.5458283, 13.3548117, 21.4, 0.000, -0.000, 0.000, 2.48, 3.35, 5.12,  9
1500612932.6, 52.5458267, 13.3548100, 21.5, -0.000, -0.000, 0.100, 2.48, 3.35, 5.12,  9
1500612933.6, 52.5458283, 13.3548117, 21.5, 0.000, -0.000, 0.000, 2.48, 3.35, 5.12,  9
1500612934.6, 52.5458283, 13.3548117, 21.6, 0.000, 0.000, 0.100, 2.48, 3.35, 5.12,  9
1500612935.6, 52.5458283, 13.3548150, 21.7, 0.000, 0.000, 0.100, 2.48, 3.35, 5.12,  8
1500612936.6, 52.5458267, 13.3548150, 21.8, -0.000, -0.000, 0.100, 2.48, 3.35, 5.17,  8
1500612937.6, 52.5458267, 13.3548150, 21.8, -0.000, -0.000, 0.000, 2.48, 3.35, 5.17,  9
1500612938.6, 52.5458267, 13.3548133, 21.8, -0.000, 0.000, 0.000, 2.48, 3.35, 5.12,  9
1500612939.7, 52.5458267, 13.3548167, 21.8, -0.000, 0.000, 0.000, 2.48, 3.35, 5.12,  9
1500612940.7, 52.5458250, 13.3548183, 21.8, -0.000, 0.000, 0.000, 2.48, 3.35, 5.12,  9
1500612941.7, 52.5458250, 13.3548183, 21.8, -0.000, 0.000, 0.000, 2.48, 3.35, 5.12,  9
1500612942.7, 52.5458250, 13.3548200, 21.8, 0.000, -0.000, 0.000, 2.48, 3.35, 5.12,  9
1500612943.7, 52.5458250, 13.3548200, 21.8, 0.000, 0.000, 0.000, 2.48, 3.35, 5.12,  8
1500612944.7, 52.5458250, 13.3548217, 21.8, 0.000, 0.000, 0.000, 2.48, 3.35, 5.17,  9
1500612945.7, 52.5458250, 13.3548233, 21.8, 0.000, 0.000, 0.000, 2.48, 3.35, 5.12,  9
1500612946.7, 52.5458267, 13.3548250, 21.8, 0.000, 0.000, 0.000, 2.48, 3.35, 5.12,  9
1500612947.7, 52.5458267, 13.3548267, 21.8, 0.000, 0.000, 0.000, 2.48, 3.35, 5.12,  9
1500612948.7, 52.5458283, 13.3548283, 21.8, 0.000, -0.000, 0.000, 2.48, 3.35, 5.12,  9
1500612949.7, 52.5458283, 13.3548283, 21.8, 0.000, 0.000, 0.000, 2.48, 3.35, 5.12,  8
1500612950.7, 52.5458300, 13.3548283, 21.8, 0.000, 0.000, 0.000, 2.48, 3.35, 5.17,  8
1500612951.7, 52.5458317, 13.3548283, 21.9, 0.000, 0.000, 0.100, 2.48, 3.35, 5.17,  9
1500612952.7, 52.5458317, 13.3548250, 22.1, 0.000, -0.000, 0.200, 2.48, 3.35, 5.12,  9
1500612953.7, 52.5458333, 13.3548233, 22.2, 0.000, -0.000, 0.100, 2.48, 3.35, 5.12,  9
1500612954.7, 52.5458350, 13.3548217, 22.3, 0.000, -0.000, 0.100, 2.48, 3.35, 5.12,  9
1500612955.7, 52.5458367, 13.3548200, 22.3, 0.000, -0.000, 0.000, 2.48, 3.35, 5.12,  9
1500612956.7, 52.5458367, 13.3548183, 22.3, 0.000, 0.000, 0.000, 2.48, 3.35, 5.12,  9
1500612957.7, 52.5458383, 13.3548183, 22.3, 0.000, 0.000, 0.000, 2.48, 3.35, 5.12,  9
1500612958.7, 52.5458367, 13.3548167, 22.4, -0.000, 0.000, 0.100, 2.48, 3.35, 5.12, 10
1500612959.7, 52.5458350, 13.3548150, 22.4, -0.000, 0.000, 0.000, 2.48, 3.35, 5.12,  9
1500612960.7, 52.5458350, 13.3548133, 22.5, -0.000, -0.000, 0.100, 2.48, 3.35, 5.12, 10
1500612961.8, 52.5458333, 13.3548117, 22.5, -0.000, 0.000, 0.000, 2.48, 3.35, 5.12,  9
1500612962.8, 52.5458333, 13.3548133, 22.5, -0.000, 0.000, 0.000, 2.48, 3.35, 5.12,  9
1500612963.8, 52.5458333, 13.3548100, 22.5, -0.000, -0.000, 0.000, 2.48, 3.35, 5.12,  9
1500612964.8, 52.5458333, 13.3548100, 22.5, -0.000, -0.000, 0.000, 2.48, 3.35, 5.12,  9
1500612965.8, 52.5458333, 13.3548083, 22.5, -0.000, -0.000, 0.000, 2.48, 3.35, 5.12,  9
1500612966.8, 52.5458317, 13.3548050, 22.4, -0.000, -0.000, -0.100, 2.48, 3.35, 5.12,  9
1500612967.8, 52.5458317, 13.3548017, 22.4, -0.000, -0.000, 0.000, 2.48, 3.35, 5.12,  8
1500612968.8, 52.5458317, 13.3548000, 22.4, -0.000, -0.000, 0.000, 2.48, 3.35, 5.17,  7
1500612969.8, 52.5458300, 13.3547983, 22.4, -0.000, -0.000, 0.000, 2.48, 3.35, 5.23,  9
1500612970.8, 52.5458283, 13.3547983, 22.4, -0.000, 0.000, 0.000, 2.48, 3.35, 5.12,  9
1500612971.8, 52.5458283, 13.3547983, 22.4, -0.000, -0.000, 0.000, 2.48, 3.35, 5.12,  9
1500612972.8, 52.5458250, 13.3548000, 22.4, -0.000, -0.000, 0.000, 2.48, 3.35, 5.12,  9
1500612973.8, 52.5458300, 13.3548017, 22.4, 0.000, 0.000, 0.000, 2.48, 3.35, 5.12,  9
1500612974.8, 52.5458317, 13.3548033, 22.4, 0.000, 0.000, 0.000, 2.48, 3.35, 5.12,  9
1500612975.8, 52.5458450, 13.3548033, 22.4, 0.000, -0.000, 0.000, 2.48, 3.35, 5.12,  9
1500612976.8, 52.5458583, 13.3548067, 22.4, 0.000, 0.000, 0.000, 2.48, 3.35, 5.12,  9
1500612977.8, 52.5458717, 13.3548150, 22.5, 0.000, 0.000, 0.100, 2.48, 3.35, 11.50,  8
1500612978.8, 52.5458800, 13.3548233, 22.4, 0.000, 0.000, -0.100, 2.48, 3.35, 11.96, 10
1500612979.8, 52.5458883, 13.3548383, 22.4, 0.000, 0.000, 0.000, 2.48, 3.35, 5.12, 10
1500612980.8, 52.5458983, 13.3548533, 22.3, 0.000, 0.000, -0.100, 2.48, 3.35, 5.12, 10
1500612981.8, 52.5459183, 13.3548783, 22.0, 0.000, 0.000, -0.100, 2.48, 3.35, 5.12, 10
1500612982.9, 52.5459183, 13.3548783, 22.0, 0.000, 0.000, -0.100, 2.48, 3.35, 5.12, 10
1500612983.9, 52.5459283, 13.3548933, 21.9, 0.000, 0.000, -0.100, 2.48, 3.35, 5.12, 10
1500612984.9, 52.5459483, 13.3549250, 21.6, 0.000, 0.000, -0.100, 2.48, 3.35, 5.12, 10
1500612985.9, 52.5459483, 13.3549250, 21.6, 0.000, 0.000, -0.100, 2.48, 3.35, 5.12, 10
1500612986.9, 52.5459667, 13.3549617, 21.2, 0.000, 0.000, -0.200, 2.48, 3.35, 5.12,  9
1500612987.9, 52.5459667, 13.3549617, 21.2, 0.000, 0.000, -0.200, 2.48, 3.35, 5.12,  9
1500612988.9, 52.5459717, 13.3549817, 21.1, 0.000, 0.000, -0.100, 2.48, 3.35, 5.12, 10
1500612989.9, 52.5459900, 13.3550133, 20.9, 0.000, 0.000, -0.100, 2.48, 3.35, 5.12, 10
1500612990.9, 52.5460000, 13.3550267, 20.9, 0.000, 0.000, 0.000, 2.48, 3.35, 5.12, 10
1500612991.9, 52.5460083, 13.3550350, 20.7, 0.000, 0.000, -0.200, 2.48, 3.35, 5.12, 10
1500612992.9, 52.5460200, 13.3550433, 20.6, 0.000, 0.000, -0.100, 2.48, 3.35, 5.12,  9
1500612993.9, 52.5460300, 13.3550583, 20.4, 0.000, 0.000, -0.200, 2.48, 3.35, 5.17,  9
1500612994.9, 52.5460400, 13.3550750, 20.2, 0.000, 0.000, -0.200, 2.48, 3.35, 11.56,  9
1500612995.9, 52.5460467, 13.3550933, 20.0, 0.000, 0.000, -0.200, 2.48, 3.35, 5.17, 10
1500612996.9, 52.5460533, 13.3551100, 19.8, 0.000, 0.000, -0.200, 2.48, 3.35, 5.12,  9
1500612997.9, 52.5460567, 13.3551317, 19.6, 0.000, 0.000, -0.200, 2.48, 3.35, 5.17,  9
1500612998.9, 52.5460650, 13.3551450, 19.5, 0.000, 0.000, -0.100, 2.48, 3.35, 5.17,  9
1500612999.9, 52.5460750, 13.3551583, 19.3, 0.000, 0.000, -0.200, 2.48, 3.35, 5.17,  9
1500613000.9, 52.5460817, 13.3551750, 19.2, 0.000, 0.000, -0.100, 2.48, 3.35, 5.17, 10
1500613001.9, 52.5460883, 13.3551883, 19.0, 0.000, 0.000, -0.200, 2.48, 3.35, 5.12, 10
1500613002.9, 52.5460950, 13.3552067, 18.9, 0.000, 0.000, -0.100, 2.48, 3.35, 5.12,  9
1500613003.9, 52.5461050, 13.3552167, 18.8, 0.000, 0.000, -0.100, 2.48, 3.35, 5.17,  9
1500613005.0, 52.5461117, 13.3552267, 18.8, 0.000, 0.000, 0.000, 2.48, 3.35, 5.17,  9
1500613006.0, 52.5461183, 13.3552400, 18.7, 0.000, 0.000, -0.100, 2.48, 3.35, 5.17,  9
1500613007.0, 52.5461250, 13.3552567, 18.7, 0.000, 0.000, 0.000, 2.48, 3.35, 5.17,  9
1500613008.0, 52.5461333, 13.3552750, 18.6, 0.000, 0.000, -0.100, 2.48, 3.35, 5.17, 10
1500613009.0, 52.5461417, 13.3552900, 18.7, 0.000, 0.000, 0.100, 2.48, 3.35, 5.12, 10
1500613010.0, 52.5461483, 13.3553050, 18.6, 0.000, 0.000, -0.100, 2.48, 3.35, 5.12, 10
1500613011.0, 52.5461550, 13.3553250, 18.6, 0.000, 0.000, 0.000, 2.48, 3.35, 5.12, 10
1500613012.0, 52.5461533, 13.3553450, 18.6, 0.000, 0.000, 0.000, 2.48, 3.35, 5.12, 10
1500613013.0, 52.5461500, 13.3553650, 18.7, -0.000, 0.000, 0.100, 2.48, 3.35, 5.12, 10
1500613014.0, 52.5461450, 13.3553817, 18.6, 0.000, 0.000, -0.100, 2.48, 3.35, 5.12, 10
1500613015.0, 52.5461400, 13.3553967, 18.5, -0.000, 0.000, -0.100, 2.48, 3.35, 5.12, 10
1500613016.0, 52.5461317, 13.3554100, 18.4, 0.000, 0.000, -0.100, 2.48, 3.35, 5.12, 10
1500613017.0, 52.5461233, 13.3554233, 18.3, -0.000, 0.000, -0.100, 2.48, 3.35, 5.12, 10
1500613018.0, 52.5461167, 13.3554350, 18.2, -0.000, 0.000, -0.100, 2.48, 3.35, 5.12, 10
1500613019.0, 52.5461083, 13.3554467, 18.1, 0.000, 0.000, -0.100, 2.48, 3.35, 5.12, 10
1500613020.0, 52.5460967, 13.3554617, 18.0, 0.000, 0.000, -0.100, 2.48, 3.35, 5.12, 10
1500613021.0, 52.5460867, 13.3554767, 17.9, 0.000, 0.000, -0.100, 2.48, 3.35, 5.12,  4
1500613022.0, 52.5460800, 13.3554867, 17.8, -0.000, 0.000, -0.100, 2.48, 3.35, 5.12, 10
1500613023.0, 52.5460717, 13.3554967, 17.7, -0.000, 0.000, -0.100, 2.48, 3.35, 5.12, 10
1500613024.0, 52.5460633, 13.3555067, 17.6, -0.000, 0.000, -0.100, 2.48, 3.35, 5.12, 10
1500613025.0, 52.5460550, 13.3555167, 17.6, -0.000, 0.000, 0.000, 2.48, 3.35, 5.12, 10
1500613026.0, 52.5460483, 13.3555283, 17.6, 0.000, 0.000, 0.000, 2.48, 3.35, 5.12,  4
1500613027.0, 52.5460400, 13.3555367, 17.4, -0.000, 0.000, -0.200, 2.48, 3.35, 5.12, 10
1500613028.1, 52.5460333, 13.3555467, 17.3, -0.000, 0.000, -0.100, 2.48, 3.35, 5.12, 10
1500613029.1, 52.5460233, 13.3555583, 17.2, -0.000, 0.000, -0.100, 2.48, 3.35, 5.12, 10
1500613030.1, 52.5460133, 13.3555700, 17.0, -0.000, 0.000, -0.200, 2.48, 3.35, 5.12, 10
1500613031.1, 52.5460050, 13.3555783, 17.1, 0.000, 0.000, 0.100, 2.48, 3.35, 5.12,  4
1500613032.1, 52.5459967, 13.3555867, 17.1, -0.000, 0.000, 0.000, 2.48, 3.35, 5.12, 10
1500613033.1, 52.5459883, 13.3555917, 17.1, -0.000, 0.000, 0.000, 2.48, 3.35, 5.12, 10
1500613034.1, 52.5459800, 13.3556000, 17.0, -0.000, 0.000, -0.100, 2.48, 3.35, 5.12, 10
1500613035.1, 52.5459683, 13.3556050, 17.1, -0.000, 0.000, 0.100, 2.48, 3.35, 5.12, 10
1500613036.1, 52.5459600, 13.3556133, 17.0, 0.000, 0.000, -0.100, 2.48, 3.35, 5.12,  8
1500613037.1, 52.5459500, 13.3556183, 16.8, -0.000, 0.000, -0.200, 2.48, 3.35, 5.12, 10
1500613038.1, 52.5459400, 13.3556317, 16.7, -0.000, 0.000, -0.100, 2.48, 3.35, 5.12, 10
1500613039.1, 52.5459300, 13.3556400, 16.5, -0.000, 0.000, -0.200, 2.48, 3.35, 5.12, 10
1500613040.1, 52.5459183, 13.3556533, 16.3, -0.000, 0.000, -0.200, 2.48, 3.35, 5.12, 10
1500613041.1, 52.5459000, 13.3556683, 16.0, 0.000, 0.000, -0.300, 2.48, 3.35, 5.12,  6
1500613042.1, 52.5458917, 13.3556700, 15.8, -0.000, 0.000, -0.200, 2.48, 3.35, 5.35,  8
1500613043.1, 52.5458833, 13.3556700, 15.5, -0.000, 0.000, -0.300, 2.48, 3.35, 5.35,  8
1500613044.1, 52.5458733, 13.3556617, 15.2, -0.000, 0.000, -0.300, 2.48, 3.35, 5.35,  9
1500613045.1, 52.5458683, 13.3556650, 15.2, -0.000, 0.000, 0.000, 2.48, 3.35, 5.17,  9
1500613046.1, 52.5458633, 13.3556633, 15.1, 0.000, 0.000, -0.100, 2.48, 3.35, 5.17,  8
1500613047.1, 52.5458583, 13.3556650, 15.0, -0.000, 0.000, -0.100, 2.48, 3.35, 5.12, 10
1500613048.1, 52.5458533, 13.3556667, 15.0, -0.000, 0.000, 0.000, 2.48, 3.35, 5.12, 10
1500613049.2, 52.5458450, 13.3556483, 14.6, -0.000, -0.000, -0.400, 2.48, 3.35, 5.12,  9
1500613050.2, 52.5458400, 13.3556367, 14.3, -0.000, -0.000, -0.300, 2.48, 3.35, 5.17,  9
1500613051.2, 52.5458367, 13.3556267, 14.1, 0.000, 0.000, -0.200, 2.48, 3.35, 5.17, 10
1500613052.2, 52.5458350, 13.3556167, 13.8, -0.000, -0.000, -0.300, 2.48, 3.35, 5.12, 10
1500613053.2, 52.5458350, 13.3556017, 13.4, -0.000, -0.000, -0.400, 2.48, 3.35, 5.12, 10
1500613054.2, 52.5458300, 13.3555983, 13.3, -0.000, -0.000, -0.100, 2.48, 3.35, 5.12, 10
1500613055.2, 52.5458250, 13.3555917, 13.2, -0.000, -0.000, -0.100, 2.48, 3.35, 5.12, 10
1500613056.2, 52.5458217, 13.3555850, 13.1, 0.000, 0.000, -0.100, 2.48, 3.35, 5.12, 10
1500613057.2, 52.5458183, 13.3555800, 13.0, -0.000, -0.000, -0.100, 2.48, 3.35, 5.12, 10
1500613058.2, 52.5458150, 13.3555767, 12.9, -0.000, -0.000, -0.100, 2.48, 3.35, 5.12, 10
1500613059.2, 52.5458133, 13.3555733, 12.9, -0.000, -0.000, 0.000, 2.48, 3.35, 5.12, 10
1500613060.2, 52.5458117, 13.3555700, 12.8, -0.000, -0.000, -0.100, 2.48, 3.35, 5.12,  9
1500613061.2, 52.5458083, 13.3555667, 12.8, -0.000, -0.000, 0.000, 2.48, 3.35, 5.23, 10
1500613062.2, 52.5458067, 13.3555633, 12.7, -0.000, -0.000, -0.100, 2.48, 3.35, 5.12, 10
1500613063.2, 52.5458050, 13.3555600, 12.7, -0.000, -0.000, 0.000, 2.48, 3.35, 5.12,  9
1500613064.2, 52.5458033, 13.3555583, 12.6, -0.000, -0.000, -0.100, 2.48, 3.35, 5.17,  9
1500613065.2, 52.5458000, 13.3555550, 12.6, -0.000, -0.000, 0.000, 2.48, 3.35, 5.17,  9
1500613066.2, 52.5457983, 13.3555517, 12.5, -0.000, -0.000, -0.100, 2.48, 3.35, 5.17,  7
1500613067.2, 52.5457967, 13.3555483, 12.5, -0.000, -0.000, 0.000, 2.48, 3.35, 5.29,  7
1500613068.2, 52.5457933, 13.3555450, 12.4, -0.000, -0.000, -0.100, 2.48, 3.35, 5.29,  6
1500613069.2, 52.5457917, 13.3555417, 12.3, -0.000, -0.000, -0.100, 2.48, 3.35, 5.41,  5
1500613070.3, 52.5457883, 13.3555383, 12.3, -0.000, -0.000, 0.000, 2.48, 3.35, 5.41,  5
1500613071.3, 52.5457850, 13.3555333, 12.2, -0.000, -0.000, -0.100, 2.48, 3.35, 5.41,  4
1500613072.3, 52.5457817, 13.3555300, 12.2, -0.000, -0.000, 0.000, 2.48, 3.35, 5.46,  4
1500613073.3, 52.5457783, 13.3555250, 12.1, -0.000, -0.000, -0.100, 2.48, 3.35, 5.46,  4
1500613074.3, 52.5457750, 13.3555200, 12.1, 0.000, 0.000, 0.000, 9.90, 13.41, 21.85,  2
1500613075.3, 52.5457733, 13.3555167, 12.0, 0.000, 0.000, -0.100, 9.90, 13.41, 23.00,  0
1500613076.3, 52.5457700, 13.3555133, 12.0, 0.000, 0.000, 0.000, 9.90, 13.41, 2299.77,  0
1500613077.3, 52.5457683, 13.3555100, 11.9, 0.000, 0.000, -0.100, 9.90, 13.41, 2299.77,  0
1500613078.3, 52.5457650, 13.3555067, 11.8, 0.000, 0.000, -0.100, 9.90, 13.41, 2299.77,  0
1500613079.3, 52.5457650, 13.3555067, 11.8, 0.000, 0.000, -0.100, 9.90, 13.41, 2299.77,  0
1500613080.3, 52.5457650, 13.3555067, 11.8, 0.000, 0.000, -0.100, 9.90, 13.41, 2299.77,  0
1500613081.3, 52.5457650, 13.3555067, 11.8, 0.000, 0.000, -0.100, 9.90, 13.41, 2299.77,  0
1500613082.3, 52.5457650, 13.3555067, 11.8, 0.000, 0.000, -0.100, 9.90, 13.41, 2299.77,  0
1500613083.3, 52.5457650, 13.3555067, 11.8, 0.000, 0.000, -0.100, 9.90, 13.41, 2299.77,  0
1500613084.3, 52.5457650, 13.3555067, 11.8, 0.000, 0.000, -0.100, 9.90, 13.41, 2299.77,  0
1500613085.3, 52.5457650, 13.3555067, 11.8, 0.000, 0.000, -0.100, 9.90, 13.41, 2299.77,  0
1500613086.3, 52.5457650, 13.3555067, 11.8, 0.000, 0.000, -0.100, 9.90, 13.41, 2299.77,  0
1500613087.3, 52.5457650, 13.3555067, 11.8, 0.000, 0.000, -0.100, 9.90, 13.41, 2299.77,  0
1500613088.3, 52.5457650, 13.3555067, 11.8, 0.000, 0.000, -0.100, 9.90, 13.41, 2299.77,  0
1500613089.3, 52.5457650, 13.3555067, 11.8, 0.000, 0.000, -0.100, 9.90, 13.41, 2299.77,  0
1500613090.3, 52.5457650, 13.3555067, 11.8, 0.000, 0.000, -0.100, 9.90, 13.41, 2299.77,  0
1500613091.3, 52.5457650, 13.3555067, 11.8, 0.000, 0.000, -0.100, 9.90, 13.41, 2299.77,  0
1500613092.4, 52.5457650, 13.3555067, 11.8, 0.000, 0.000, -0.100, 9.90, 13.41, 2299.77,  0
1500613093.4, 52.5457650, 13.3555067, 11.8, 0.000, 0.000, -0.100, 9.90, 13.41, 2299.77,  0
1500613094.4, 52.5457650, 13.3555067, 11.8, 0.000, 0.000, -0.100, 9.90, 13.41, 2299.77,  0
1500613095.4, 52.5457650, 13.3555067, 11.8, 0.000, 0.000, -0.100, 9.90, 13.41, 2299.77,  0
1500613096.4, 52.5457650, 13.3555067, 11.8, 0.000, 0.000, -0.100, 9.90, 13.41, 2299.77,  0
1500613097.4, 52.5457650, 13.3555067, 11.8, 0.000, 0.000, -0.100, 9.90, 13.41, 2299.77,  0
1500613098.4, 52.5457650, 13.3555067, 11.8, 0.000, 0.000, -0.100, 9.90, 13.41, 2299.77,  0
1500613099.4, 52.5457650, 13.3555067, 11.8, 0.000, 0.000, -0.100, 9.90, 13.41, 2299.77,  0
1500613100.4, 52.5457650, 13.3555067, 11.8, 0.000, 0.000, -0.100, 9.90, 13.41, 2299.77,  0
1500613101.4, 52.5457650, 13.3555067, 11.8, 0.000, 0.000, -0.100, 9.90, 13.41, 2299.77,  0
1500613102.4, 52.5457650, 13.3555067, 11.8, 0.000, 0.000, -0.100, 9.90, 13.41, 2299.77,  0
1500613103.4, 52.5457650, 13.3555067, 11.8, 0.000, 0.000, -0.100, 9.90, 13.41, 2299.77,  0
1500613104.4, 52.5457650, 13.3555067, 11.8, 0.000, 0.000, -0.100, 9.90, 13.41, 2299.77,  0
1500613105.4, 52.5457650, 13.3555067, 11.8, 0.000, 0.000, -0.100, 9.90, 13.41, 2299.77,  0
1500613106.4, 52.5457650, 13.3555067, 11.8, 0.000, 0.000, -0.100, 9.90, 13.41, 2299.77,  0
1500613107.4, 52.5457650, 13.3555067, 11.8, 0.000, 0.000, -0.100, 9.90, 13.41, 2299.77,  0
1500613108.4, 52.5457650, 13.3555067, 11.8, 0.000, 0.000, -0.100, 9.90, 13.41, 2299.77,  0
1500613109.4, 52.5457650, 13.3555067, 11.8, 0.000, 0.000, -0.100, 9.90, 13.41, 2299.77,  0
1500613110.4, 52.5457650, 13.3555067, 11.8, 0.000, 0.000, -0.100, 9.90, 13.41, 2299.77,  0
1500613111.4, 52.5457650, 13.3555067, 11.8, 0.000, 0.000, -0.100, 9.90, 13.41, 2299.77,  0
1500613112.4, 52.5457650, 13.3555067, 11.8, 0.000, 0.000, -0.100, 9.90, 13.41, 2299.77,  0
1500613113.4, 52.5457650, 13.3555067, 11.8, 0.000, 0.000, -0.100, 9.90, 13.41, 2299.77,  0
1500613114.5, 52.5457650, 13.3555067, 11.8, 0.000, 0.000, -0.100, 9.90, 13.41, 2299.77,  0
1500613115.5, 52.5457650, 13.3555067, 11.8, 0.000, 0.000, -0.100, 9.90, 13.41, 2299.77,  0
1500613116.5, 52.5457650, 13.3555067, 11.8, 0.000, 0.000, -0.100, 9.90, 13.41, 2299.77,  0
1500613117.5, 52.5457650, 13.3555067, 11.8, 0.000, 0.000, -0.100, 9.90, 13.41, 2299.77,  0
1500613118.5, 52.5457650, 13.3555067, 11.8, 0.000, 0.000, -0.100, 9.90, 13.41, 2299.77,  0
1500613119.5, 52.5457650, 13.3555067, 11.8, 0.000, 0.000, -0.100, 9.90, 13.41, 2299.77,  0
1500613120.5, 52.5457650, 13.3555067, 11.8, 0.000, 0.000, -0.100, 9.90, 13.41, 2299.77,  0
1500613121.5, 52.5457650, 13.3555067, 11.8, 0.000, 0.000, -0.100, 9.90, 13.41, 2299.77,  0
1500613122.5, 52.5457650, 13.3555067, 11.8, 0.000, 0.000, -0.100, 9.90, 13.41, 2299.77,  0
1500613123.5, 52.5457650, 13.3555067, 11.8, 0.000, 0.000, -0.100, 9.90, 13.41, 2299.77,  0
1500613124.5, 52.5457650, 13.3555067, 11.8, 0.000, 0.000, -0.100, 9.90, 13.41, 2299.77,  0
1500613125.5, 52.5457650, 13.3555067, 11.8, 0.000, 0.000, -0.100, 9.90, 13.41, 2299.77,  0
1500613126.5, 52.5457650, 13.3555067, 11.8, 0.000, 0.000, -0.100, 9.90, 13.41, 2299.77,  0
1500613127.5, 52.5457650, 13.3555067, 11.8, 0.000, 0.000, -0.100, 9.90, 13.41, 2299.77,  0
1500613128.5, 52.5457650, 13.3555067, 11.8, 0.000, 0.000, -0.100, 9.90, 13.41, 2299.77,  0
1500613129.5, 52.5457650, 13.3555067, 11.8, 0.000, 0.000, -0.100, 9.90, 13.41, 2299.77,  0
1500613130.5, 52.5457650, 13.3555067, 11.8, 0.000, 0.000, -0.100, 9.90, 13.41, 2299.77,  0
1500613131.5, 52.5457650, 13.3555067, 11.8, 0.000, 0.000, -0.100, 9.90, 13.41, 2299.77,  0
1500613132.5, 52.5457650, 13.3555067, 11.8, 0.000, 0.000, -0.100, 9.90, 13.41, 2299.77,  0
1500613133.5, 52.5457650, 13.3555067, 11.8, 0.000, 0.000, -0.100, 9.90, 13.41, 2299.77,  0
1500613134.5, 52.5457650, 13.3555067, 11.8, 0.000, 0.000, -0.100, 9.90, 13.41, 2299.77,  0
1500613135.6, 52.5457650, 13.3555067, 11.8, 0.000, 0.000, -0.100, 9.90, 13.41, 2299.77,  0
1500613136.6, 52.5457650, 13.3555067, 11.8, 0.000, 0.000, -0.100, 9.90, 13.41, 2299.77,  0
1500613137.6, 52.5457650, 13.3555067, 11.8, 0.000, 0.000, -0.100, 9.90, 13.41, 2299.77,  0
1500613138.6, 52.5457650, 13.3555067, 11.8, 0.000, 0.000, -0.100, 9.90, 13.41, 2299.77,  0
1500613139.6, 52.5456367, 13.3551717, 22.1, 0.000, -0.000, 10.300, 2.48, 3.35, 0.00,  7
1500613140.6, 52.5455850, 13.3552400, 17.1, 0.000, -0.000, -5.000, 2.48, 3.35, 5.46,  5
1500613141.6, 52.5455833, 13.3552417, 14.7, 0.000, -0.000, -2.400, 2.48, 3.35, 5.52,  8
1500613142.6, 52.5455817, 13.3552433, 13.5, 0.000, -0.000, -1.200, 2.48, 3.35, 5.46,  8
1500613143.6, 52.5455833, 13.3552433, 12.9, 0.000, -0.000, -0.600, 2.48, 3.35, 5.46,  8
1500613144.6, 52.5455850, 13.3552400, 12.5, 0.000, -0.000, -0.400, 2.48, 3.35, 5.46,  8
1500613145.6, 52.5455900, 13.3552333, 12.4, 0.000, -0.000, -0.100, 2.48, 3.35, 5.46,  8
1500613146.6, 52.5455950, 13.3552267, 12.3, 0.000, -0.000, -0.100, 2.48, 3.35, 5.46,  8
1500613147.6, 52.5455950, 13.3552233, 12.2, 0.000, -0.000, -0.100, 2.48, 3.35, 5.46,  8
1500613148.6, 52.5455967, 13.3552183, 12.2, 0.000, -0.000, 0.000, 2.48, 3.35, 5.46,  7
1500613149.6, 52.5456000, 13.3552150, 12.2, 0.000, -0.000, 0.000, 2.48, 3.35, 5.46,  7
1500613150.6, 52.5456017, 13.3552117, 12.2, 0.000, -0.000, 0.000, 2.48, 3.35, 5.46,  7
1500613151.6, 52.5456017, 13.3552050, 12.2, 0.000, -0.000, 0.000, 2.48, 3.35, 5.46,  8
1500613152.6, 52.5456017, 13.3552000, 12.2, 0.000, -0.000, 0.000, 2.48, 3.35, 5.17,  8
1500613153.6, 52.5456033, 13.3551950, 12.2, 0.000, -0.000, 0.000, 2.48, 3.35, 5.17,  8
1500613154.6, 52.5456050, 13.3551983, 12.2, 0.000, -0.000, 0.000, 2.48, 3.35, 5.17,  7
1500613155.7, 52.5456067, 13.3551967, 12.2, 0.000, -0.000, 0.000, 2.48, 3.35, 5.29,  7
1500613156.7, 52.5456083, 13.3551933, 12.2, 0.000, -0.000, 0.000, 2.48, 3.35, 5.29,  7
1500613157.7, 52.5456100, 13.3551917, 12.2, 0.000, -0.000, 0.000, 2.48, 3.35, 5.29,  7
1500613158.7, 52.5456167, 13.3551833, 12.2, 0.000, -0.000, 0.000, 2.48, 3.35, 5.29,  5
1500613159.7, 52.5456133, 13.3551883, 12.2, 0.000, -0.000, 0.000, 2.48, 3.35, 5.41,  5
1500613160.7, 52.5456133, 13.3551900, 12.2, 0.000, -0.000, 0.000, 2.48, 3.35, 5.41,  6
1500613161.7, 52.5456033, 13.3552050, 12.2, 0.000, -0.000, 0.000, 2.48, 3.35, 5.29,  5
1500613162.7, 52.5455983, 13.3552083, 12.2, 0.000, -0.000, 0.000, 2.48, 3.35, 5.52,  5
1500613163.7, 52.5455933, 13.3552150, 12.1, 0.000, -0.000, -0.100, 2.48, 3.35, 5.52,  4
1500613164.7, 52.5455933, 13.3552133, 12.1, 0.000, -0.000, 0.000, 2.48, 3.35, 5.58,  4
1500613165.7, 52.5455917, 13.3552117, 12.1, 0.000, -0.000, 0.000, 2.48, 3.35, 5.58,  4
1500613166.7, 52.5455917, 13.3552100, 12.1, 0.000, -0.000, 0.000, 2.48, 3.35, 5.58,  4
1500613167.7, 52.5455917, 13.3552083, 12.1, 0.000, -0.000, 0.000, 2.48, 3.35, 5.58,  4
1500613168.7, 52.5455917, 13.3552083, 12.1, -0.000, -0.000, 0.000, 2.48, 3.35, 5.58,  3
1500613169.7, 52.5455917, 13.3552067, 12.1, -0.000, -0.000, 0.000, 2.48, 3.35, 5.75,  3
1500613170.7, 52.5455900, 13.3552083, 12.1, -0.000, -0.000, 0.000, 2.48, 3.35, 5.75,  3
1500613171.7, 52.5455883, 13.3552100, 12.1, -0.000, -0.000, 0.000, 2.48, 3.35, 5.75,  3
1500613172.7, 52.5455833, 13.3552083, 12.1, 0.000, 0.000, 0.000, 2.48, 3.35, 5.75,  3
1500613173.7, 52.5455833, 13.3552083, 12.1, 0.000, 0.000, 0.000, 2.48, 3.35, 5.58,  4
1500613174.7, 52.5455850, 13.3552083, 12.1, 0.000, 0.000, 0.000, 2.48, 3.35, 5.58,  4
1500613175.7, 52.5455850, 13.3552083, 12.1, 0.000, 0.000, 0.000, 2.48, 3.35, 5.58,  4
1500613176.8, 52.5456317, 13.3552167, 12.1, 0.000, 0.000, 0.000, 2.48, 3.35, 5.58,  4
1500613177.8, 52.5456867, 13.3552233, 12.1, 0.000, 0.000, 0.000, 2.48, 3.35, 5.58,  4
1500613178.8, 52.5457000, 13.3552233, 12.1, 0.000, 0.000, 0.000, 2.48, 3.35, 5.58,  4
1500613179.8, 52.5457000, 13.3552233, 12.1, 0.000, 0.000, 0.000, 2.48, 3.35, 5.58,  4
1500613180.8, 52.5457633, 13.3552067, 12.1, 0.000, 0.000, 0.000, 2.48, 3.35, 5.58,  4
1500613181.8, 52.5457483, 13.3551900, 12.1, 0.000, 0.000, 0.000, 2.48, 3.35, 5.58,  4
1500613182.8, 52.5457383, 13.3551800, 12.1, 0.000, 0.000, 0.000, 2.48, 3.35, 5.58,  4
1500613183.8, 52.5457367, 13.3551967, 12.1, 0.000, 0.000, 0.000, 2.48, 3.35, 5.58,  4
1500613184.8, 52.5457367, 13.3551967, 12.1, 0.000, 0.000, 0.000, 2.48, 3.35, 5.58,  4
1500613185.8, 52.5457233, 13.3552283, 12.1, 0.000, 0.000, 0.000, 2.48, 3.35, 5.58,  4
1500613186.8, 52.5457067, 13.3552467, 12.1, 0.000, 0.000, 0.000, 2.48, 3.35, 5.58,  4
1500613187.8, 52.5456967, 13.3552500, 12.1, 0.000, 0.000, 0.000, 2.48, 3.35, 5.58,  4
1500613188.8, 52.5456883, 13.3552800, 12.1, 0.000, 0.000, 0.000, 2.48, 3.35, 5.58,  4
1500613189.8, 52.5456817, 13.3553050, 12.1, 0.000, 0.000, 0.000, 2.48, 3.35, 5.58,  4
1500613190.8, 52.5456750, 13.3553350, 12.1, 0.000, 0.000, 0.000, 2.48, 3.35, 5.58,  4
1500613191.8, 52.5456733, 13.3553567, 12.1, 0.000, 0.000, 0.000, 2.48, 3.35, 5.58,  4
1500613192.8, 52.5456717, 13.3553967, 12.1, 0.000, 0.000, 0.000, 2.48, 3.35, 5.58,  4
1500613193.8, 52.5456700, 13.3554383, 12.1, 0.000, 0.000, 0.000, 2.48, 3.35, 5.58,  4
1500613194.8, 52.5456600, 13.3554733, 12.1, 0.000, 0.000, 0.000, 2.48, 3.35, 5.58,  4
1500613195.8, 52.5456500, 13.3555000, 12.1, 0.000, 0.000, 0.000, 2.48, 3.35, 5.58,  4
1500613196.8, 52.5456467, 13.3555167, 12.1, 0.000, 0.000, 0.000, 2.48, 3.35, 5.58,  4
1500613197.9, 52.5456450, 13.3555350, 12.1, 0.000, 0.000, 0.000, 2.48, 3.35, 5.58,  4
1500613198.9, 52.5456450, 13.3555550, 12.1, 0.000, 0.000, 0.000, 2.48, 3.35, 5.58,  4
1500613199.9, 52.5456433, 13.3555717, 12.1, 0.000, 0.000, 0.000, 2.48, 3.35, 5.58,  4
1500613200.9, 52.5456417, 13.3555783, 12.1, 0.000, 0.000, 0.000, 2.48, 3.35, 5.58,  4
1500613201.9, 52.5456317, 13.3555850, 12.1, 0.000, 0.000, 0.000, 2.48, 3.35, 5.58,  4
1500613202.9, 52.5456233, 13.3555950, 12.1, 0.000, 0.000, 0.000, 2.48, 3.35, 5.58,  4
1500613203.9, 52.5456133, 13.3556050, 12.1, -0.000, 0.000, 0.000, 2.48, 3.35, 5.58,  4
1500613204.9, 52.5456100, 13.3556133, 12.1, -0.000, 0.000, 0.000, 2.48, 3.35, 5.58,  4
1500613205.9, 52.5456083, 13.3556233, 12.1, 0.000, 0.000, 0.000, 2.48, 3.35, 5.58,  4
1500613206.9, 52.5456050, 13.3556350, 12.1, 0.000, 0.000, 0.000, 2.48, 3.35, 5.58,  4
1500613207.9, 52.5456017, 13.3556400, 12.1, -0.000, 0.000, 0.000, 2.48, 3.35, 5.58,  3
1500613208.9, 52.5455983, 13.3556450, 12.1, -0.000, 0.000, 0.000, 2.48, 3.35, 5.75,  3
1500613209.9, 52.5455950, 13.3556500, 12.1, 0.000, 0.000, 0.000, 9.90, 13.41, 23.00,  2
1500613210.9, 52.5455917, 13.3556550, 12.1, 0.000, 0.000, 0.000, 9.90, 13.41, 23.00,  0
1500613211.9, 52.5455883, 13.3556617, 12.1, 0.000, 0.000, 0.000, 9.90, 13.41, 23.00,  1
1500613212.9, 52.5455767, 13.3556733, 12.1, 0.000, 0.000, 0.000, 9.90, 13.41, 23.00,  2
1500613213.9, 52.5455683, 13.3556833, 12.1, 0.000, 0.000, 0.000, 9.90, 13.41, 23.00,  2